StudentID,FirstName,LastName,Department,Batch,CGPA,AttendanceRate,EventsAttended,InternshipApplied,InternshipStatus,FeedbackScore,RegistrationDate
6216afef,Pari,Deshmukh,UNKNOWN,2027,6.76,97.6,6,True,INTERVIEW,3.0,2024-12-05
2cb5830e,Aditya,Joshi,CSE,2024,6.53,67.93,11,True,SCREENING,3.0,2023-12-25
d38b9261,Arjun,Singh,CE,2026,5.93,75.4,3,False,,2.0,2022-08-11
e94b0c92,Shaurya,Bose,UNKNOWN,2027,6.4,51.86,10,False,,4.0,2023-01-11
80c8cb8a,Ananya,Bose,BBA,2025,9.27,100.0,9,True,OFFERED,3.0,2024-04-18
a625f555,Jane,Rao,ME,2027,8.62,87.08,4,True,APPLIED,3.0,2023-03-19
85f13f96,Aanya,Gupta,ME,2026,9.21,84.0,13,True,OFFERED,2.0,2022-09-10
8ffd0c57,Ishaan,Sharma,MBA,2025,7.17,48.82,1,True,APPLIED,3.0,2023-04-01
67e7a957,Charlie,Das,EE,2024,9.6,90.41,15,False,,3.0,2023-09-24
5bc51a0b,Diya,Reddy,ME,2026,7.02,66.23,13,True,INTERVIEW,3.0,2023-06-29
0b206f12,Krishna,Smith,CSE,2027,5.51,58.36,2,False,,2.0,2022-05-31
10bc2d6f,Vivaan,Gupta,CSE,2027,7.08,52.27,13,False,,2.0,2022-06-14
866057b0,Pari,Jones,ECE,2026,8.78,84.77,13,False,,3.0,2024-06-27
836a19e5,Alice,Deshmukh,EE,2024,5.58,94.55,11,False,,2.0,2022-08-13
d9cb0301,Saanvi,Nair,CE,2027,8.3,72.17,9,False,,3.0,2022-06-04
0a1bc9d5,Saanvi,Brown,MBA,2025,7.09,61.52,9,True,SCREENING,3.0,2023-07-10
1c2e0b6f,Kashvi,Smith,ECE,2027,7.71,43.91,7,False,,3.0,2024-01-12
a7e4de5f,Ishaan,Johnson,ME,2024,7.5,50.58,12,False,,4.0,2023-04-09
ff093d82,Charlie,Sharma,ECE,2024,6.06,57.42,8,True,APPLIED,4.0,2023-10-05
495bcb48,Ayaan,Jones,CE,2024,8.38,78.8,6,True,REJECTED,1.0,2023-03-14
f1c8e3f3,John,Reddy,EE,2025,5.72,69.68,9,True,OFFERED,4.0,2024-08-28
2c25cbfd,Aarav,Gupta,ME,2026,8.68,90.28,4,True,SCREENING,1.0,2022-03-05
69024ccb,Alice,Smith,CSE,2024,9.97,87.51,8,False,,3.0,2024-03-11
7470396b,Saanvi,Bose,CSE,2025,6.99,70.13,6,True,APPLIED,2.0,2024-02-06
4850698f,Aadhya,Brown,UNKNOWN,2025,5.59,99.05,7,True,REJECTED,3.0,2023-01-27
b8319bb0,Shaurya,Das,CE,2024,8.99,81.11,15,False,,3.0,2024-01-09
462764f6,Ananya,Gupta,EE,2027,5.79,73.01,14,True,APPLIED,1.0,2024-07-07
46cfc0eb,Sai,Mukherjee,CE,2026,6.44,48.39,5,True,SCREENING,3.0,2024-08-07
26250b5f,Meera,Kumar,CSE,2025,9.66,49.22,4,True,SCREENING,5.0,2024-06-25
f9021ed4,Arjun,Williams,CE,2024,7.7,68.21,4,True,SCREENING,2.0,2023-04-21
c4d18de5,Jane,Jones,ECE,2027,5.68,57.23,4,False,,5.0,2024-09-11
61495127,Aadhya,Sharma,UNKNOWN,2027,7.71,76.77,12,False,,4.0,2022-11-07
2b1c8d5b,Krishna,Das,ME,2024,9.73,57.82,15,False,,3.0,2023-03-06
815e8026,Vivaan,Patel,UNKNOWN,2027,6.78,72.21,7,False,,2.0,2022-06-23
3dbb5e8a,Krishna,Nair,ME,2026,9.1,58.04,3,False,,2.0,2023-12-15
08f3156e,Ananya,Sharma,ME,2025,6.29,52.3,1,True,SCREENING,3.0,2022-03-14
75805b07,Charlie,Reddy,CSE,2027,7.47,85.41,11,True,INTERVIEW,5.0,2022-10-12
aee55d97,Aarav,Patel,CSE,2025,6.64,86.41,1,True,INTERVIEW,2.0,2022-07-06
8e7fc87d,Nandini,Johnson,EE,2026,5.6,95.43,0,False,,1.0,2024-06-23
9d2bcb67,Vivaan,Kumar,ECE,2027,7.95,87.76,3,True,OFFERED,3.0,2022-09-20
92a02f4e,Charlie,Williams,MBA,2027,5.6,47.97,11,True,REJECTED,5.0,2023-06-19
dd0d8838,Ayaan,Bose,ME,2027,8.89,65.07,4,False,,3.0,2023-05-08
a8e7005e,Ishaan,Singh,ECE,2024,9.91,94.56,11,True,SCREENING,3.0,2023-04-12
7054b388,Aditya,Jones,UNKNOWN,2025,9.64,72.31,15,True,APPLIED,5.0,2024-02-03
74f4ccde,Saanvi,Jones,ME,2024,9.64,66.04,13,False,,3.0,2023-07-30
60bf578b,Aaradhya,Brown,MBA,2025,6.3,46.76,2,False,,3.0,2022-02-20
4d6d8c9d,Aditya,Johnson,ECE,2024,6.74,73.02,2,False,,4.0,2023-09-09
d09d8da6,Ananya,Singh,CE,2024,8.0,75.67,4,False,,4.0,2023-02-22
4742dfd2,Vihaan,Bose,ECE,2027,8.54,55.64,14,False,,3.0,2024-08-06
c4cdae27,Ayaan,Mukherjee,CE,2024,7.7,65.87,5,True,APPLIED,3.0,2024-01-10
db1f7f5b,Vivaan,Das,CE,2024,6.81,81.96,4,True,APPLIED,1.0,2023-04-30
5ab7d560,Jane,Nair,EE,2027,9.32,52.44,0,True,SCREENING,1.0,2022-10-30
760f4f6f,Diya,Sharma,UNKNOWN,2027,7.71,75.46,7,False,,2.0,2024-07-30
9895f2fe,Aditya,Jones,CE,2024,6.41,48.63,8,False,,2.0,2022-11-10
966fce8c,Vihaan,Patel,ME,2025,5.93,88.83,0,False,,1.0,2024-04-09
12ffec0e,Aadhya,Williams,ECE,2027,7.8,74.17,4,True,SCREENING,3.0,2022-01-24
8d9bf2f9,Ananya,Deshmukh,CE,2024,7.93,43.8,11,False,,3.0,2022-01-14
4dc3e8b8,Vihaan,Reddy,CSE,2024,7.2,43.38,3,False,,2.0,2023-03-22
172db938,Kashvi,Jones,CSE,2024,6.64,54.43,1,False,,3.0,2023-11-05
866a7c5f,Sai,Sharma,MBA,2026,6.04,84.78,4,False,,1.0,2024-03-07
6e80356b,Aanya,Deshmukh,ECE,2025,6.55,74.68,7,False,,1.0,2024-04-04
d9c1587b,Sai,Patel,ME,2025,9.63,61.45,11,True,OFFERED,4.0,2023-12-06
dc117ec2,Vivaan,Bose,EE,2025,6.83,42.95,6,False,,5.0,2024-04-08
1a88294e,Charlie,Brown,CSE,2027,6.77,51.21,14,False,,1.0,2024-05-29
4bf4f940,Shaurya,Brown,CSE,2024,7.22,40.68,6,False,,5.0,2022-05-20
1d5ad6f4,Jane,Mukherjee,ECE,2027,9.84,77.52,9,False,,1.0,2022-09-15
5f12afae,Ananya,Singh,CE,2027,9.61,69.12,6,False,,4.0,2024-08-31
aa4fed72,Aaradhya,Smith,EE,2024,7.71,83.06,3,True,SCREENING,3.0,2022-12-20
ff359b78,Alice,Bose,CSE,2026,5.91,43.95,12,True,SCREENING,4.0,2023-03-04
df4915cb,Aarav,Reddy,BBA,2027,9.61,54.6,10,False,,3.0,2024-10-09
fc00e7f2,Ishaan,Mukherjee,ME,2026,6.1,60.49,13,True,INTERVIEW,3.0,2024-12-23
3b05c483,Alice,Smith,ECE,2027,7.77,80.43,1,False,,3.0,2022-02-28
1c2af117,Krishna,Joshi,MBA,2027,9.27,76.83,8,False,,2.0,2022-11-01
f3adcdf4,Pari,Joshi,BBA,2026,9.67,95.13,3,False,,4.0,2024-08-29
dfd41f16,Bob,Johnson,EE,2027,8.67,91.73,3,True,INTERVIEW,3.0,2023-03-09
41e07260,Kashvi,Bose,MBA,2024,7.59,85.94,11,True,INTERVIEW,1.0,2022-10-29
35233b2d,Aadhya,Das,EE,2025,7.1,61.64,15,False,,4.0,2022-08-20
566c918a,Diya,Kumar,CSE,2024,5.8,75.51,13,False,,1.0,2023-10-14
3feb1d5b,Arjun,Rao,CSE,2026,8.09,82.22,8,True,INTERVIEW,4.0,2024-06-22
7c71ee5c,Shaurya,Patel,ME,2026,7.83,85.88,7,True,REJECTED,4.0,2023-02-01
3c7b0a3f,Diya,Das,ECE,2025,6.33,45.33,1,True,REJECTED,5.0,2022-06-25
9128e14d,Aadhya,Gupta,CE,2024,6.5,72.01,12,False,,1.0,2022-09-13
9959e4c7,Alice,Brown,CE,2024,5.66,42.81,1,True,APPLIED,3.0,2024-05-23
34c904db,Diya,Jones,ME,2024,9.08,95.26,3,True,REJECTED,5.0,2024-09-05
60d7cd76,Krishna,Sharma,ECE,2026,7.58,50.31,7,False,,3.0,2023-02-06
33789e0f,Jane,Jones,EE,2025,5.93,44.29,14,True,APPLIED,2.0,2023-02-07
fd2f1ede,Aanya,Reddy,EE,2025,8.91,85.8,10,True,INTERVIEW,5.0,2023-12-04
2492ffde,Vihaan,Das,MBA,2024,5.75,92.97,6,False,,3.0,2022-01-10
8b739a80,Vivaan,Smith,EE,2024,7.27,50.42,12,False,,2.0,2022-06-19
2c57f835,Alice,Reddy,ECE,2027,8.25,59.78,12,False,,2.0,2022-06-05
0acfb6ab,Sai,Williams,BBA,2024,9.67,75.38,13,True,APPLIED,3.0,2023-07-05
3e6c1974,Arjun,Deshmukh,CSE,2025,6.43,86.61,5,True,OFFERED,2.0,2022-11-09
d84abfbe,Bob,Das,BBA,2024,8.93,75.33,0,False,,2.0,2023-10-20
3f07b05c,Vihaan,Williams,EE,2024,7.95,88.63,14,True,INTERVIEW,3.0,2024-09-27
a5401a6e,Krishna,Jones,CE,2024,6.88,46.53,12,False,,5.0,2023-02-25
8f1702e2,Kashvi,Smith,BBA,2024,7.84,48.12,5,True,APPLIED,4.0,2023-01-06
bf5d385c,Ayaan,Deshmukh,BBA,2026,7.71,60.88,4,False,,4.0,2023-08-18
6f4f1843,Arjun,Johnson,BBA,2027,8.14,81.25,6,False,,1.0,2022-04-05
4c8fd9db,Diya,Williams,EE,2027,5.82,65.59,14,False,,1.0,2023-10-29
125f5a27,Ananya,Bose,ECE,2025,9.77,47.86,0,False,,5.0,2023-05-19
787835e4,Jane,Williams,BBA,2025,7.42,62.98,13,False,,3.0,2022-11-05
f977e586,Krishna,Sharma,ME,2027,6.18,44.82,0,True,REJECTED,3.0,2024-07-11
b8d3aea3,Arjun,Nair,ME,2025,7.67,43.66,9,True,REJECTED,3.0,2024-07-13
99d196fd,Meera,Singh,ECE,2027,7.58,49.09,3,True,INTERVIEW,3.0,2024-06-23
8442cebe,Kashvi,Williams,ME,2026,7.43,74.01,1,False,,5.0,2022-03-23
50bade8d,Jane,Bose,ME,2026,8.84,92.4,5,True,OFFERED,2.0,2024-07-23
7fb5dc20,Meera,Deshmukh,ME,2025,9.33,89.6,0,True,REJECTED,3.0,2024-12-31
31d18585,Ishaan,Reddy,ECE,2024,7.79,61.66,4,True,OFFERED,4.0,2023-11-22
d1f7e1fd,Aditya,Das,ME,2025,8.16,43.65,2,True,SCREENING,1.0,2024-02-27
2e78dfff,Meera,Brown,ME,2024,7.35,76.29,8,True,SCREENING,2.0,2022-04-24
95ccc713,Arjun,Jones,MBA,2027,6.13,48.9,3,False,,2.0,2023-01-04
af7c1bfd,Nandini,Patel,BBA,2024,5.51,42.99,5,True,OFFERED,2.0,2022-11-25
0e73ee9c,Aadhya,Brown,ME,2025,8.81,80.19,10,True,SCREENING,5.0,2023-02-06
a5ef6eee,Saanvi,Bose,EE,2026,7.09,66.25,13,True,REJECTED,1.0,2022-08-01
5969b5cf,Jane,Williams,CE,2026,9.91,54.92,10,False,,2.0,2023-08-31
9552286d,Nandini,Jones,ECE,2026,8.96,88.71,5,True,APPLIED,2.0,2024-03-13
4c653d9c,Aditya,Sharma,CE,2024,6.65,46.7,4,False,,2.0,2024-03-26
1a2c2e06,John,Deshmukh,MBA,2027,8.74,61.88,10,False,,3.0,2024-08-19
83752ffb,Krishna,Das,CSE,2026,7.63,88.16,9,True,APPLIED,3.0,2023-02-18
5bac70ab,Ishaan,Smith,ECE,2027,7.98,97.34,14,False,,3.0,2022-06-02
c605eae8,Aanya,Sharma,EE,2024,7.71,91.14,1,True,SCREENING,4.0,2023-10-24
351d6cf9,Ayaan,Patel,CSE,2024,6.18,91.32,15,True,REJECTED,3.0,2022-08-28
a70ab320,Aadhya,Jones,EE,2026,8.53,66.38,7,False,,1.0,2024-01-14
4d813e74,Ayaan,Deshmukh,EE,2025,6.0,85.49,13,True,OFFERED,3.0,2022-03-27
1439a3a0,Vihaan,Bose,ECE,2025,6.78,45.78,10,False,,2.0,2023-01-22
e40318c8,Ishaan,Das,ME,2025,6.48,44.16,14,False,,4.0,2023-03-08
60ccebc8,Pari,Joshi,ECE,2025,9.1,97.38,6,True,REJECTED,3.0,2022-08-08
cb2a4384,Charlie,Williams,ME,2025,6.56,55.56,8,True,SCREENING,2.0,2024-03-31
8633eac3,Aarav,Jones,ME,2024,8.82,48.35,4,True,SCREENING,3.0,2022-03-21
7eb40a13,Krishna,Patel,EE,2024,9.52,85.1,9,False,,2.0,2023-11-02
865eea30,Ishaan,Rao,EE,2027,7.48,60.96,1,True,SCREENING,2.0,2024-06-20
8e179917,Vivaan,Brown,ECE,2027,6.36,87.91,9,True,OFFERED,2.0,2022-11-01
8a094519,Aadhya,Brown,CE,2025,8.9,51.22,0,True,REJECTED,4.0,2024-10-11
d8951d40,Aanya,Brown,CE,2025,7.71,54.71,0,False,,2.0,2022-10-17
0060942f,Bob,Reddy,BBA,2025,6.48,44.25,0,True,INTERVIEW,2.0,2024-05-23
d626eb63,Nandini,Williams,ECE,2025,5.59,83.37,5,False,,4.0,2022-11-30
fec38779,Vihaan,Patel,MBA,2025,6.66,85.24,2,True,APPLIED,2.0,2022-02-16
6612063f,Kashvi,Brown,ECE,2024,9.7,79.55,0,True,OFFERED,2.0,2022-03-24
9530ecb8,Nandini,Rao,CE,2024,8.09,58.12,13,True,SCREENING,3.0,2024-02-24
7db57a99,Ananya,Johnson,CSE,2027,9.0,56.82,7,True,INTERVIEW,2.0,2023-07-25
e6cd74df,Meera,Brown,ECE,2025,7.49,78.08,7,False,,3.0,2023-03-12
edd6472a,Arjun,Williams,ME,2026,7.46,81.24,2,True,INTERVIEW,4.0,2023-06-05
5ebafc47,Ayaan,Gupta,MBA,2024,6.66,90.61,10,True,APPLIED,4.0,2023-03-06
49568bef,Krishna,Deshmukh,MBA,2025,7.31,67.79,0,False,,3.0,2023-03-04
541aef2f,Aanya,Joshi,MBA,2026,9.2,95.43,3,True,REJECTED,4.0,2023-05-27
78254ed6,Aaradhya,Williams,ECE,2025,7.55,92.9,8,False,,3.0,2024-11-19
7685b6fe,Aarav,Jones,CSE,2025,6.28,59.78,1,False,,1.0,2024-08-17
9c129f60,Arjun,Smith,MBA,2027,9.54,69.31,12,False,,3.0,2024-02-27
d0bd85ca,Ayaan,Gupta,EE,2025,8.57,75.89,14,True,APPLIED,3.0,2022-02-26
7f633102,Ananya,Jones,EE,2026,6.59,44.01,9,False,,1.0,2024-11-22
51c3d282,Vihaan,Reddy,CSE,2027,7.65,46.24,4,True,OFFERED,5.0,2022-02-27
c2ebc49e,Saanvi,Joshi,UNKNOWN,2024,5.9,63.83,6,False,,1.0,2022-06-20
bcccdd8f,Charlie,Kumar,MBA,2025,9.44,50.05,11,True,APPLIED,3.0,2022-10-27
bfc02162,Ananya,Joshi,ECE,2026,9.52,47.48,1,False,,3.0,2023-12-24
58c00d29,Bob,Nair,CE,2024,6.97,77.64,4,True,REJECTED,2.0,2022-08-20
147f0304,Aadhya,Nair,MBA,2026,7.71,86.57,6,True,OFFERED,1.0,2022-03-24
618c47ae,Bob,Gupta,MBA,2027,7.36,46.81,14,False,,2.0,2023-10-18
1f436958,Kashvi,Bose,ECE,2027,8.45,85.23,7,True,OFFERED,4.0,2023-11-04
7bbb0aa1,Shaurya,Gupta,ECE,2024,7.92,42.47,6,False,,3.0,2022-05-04
0a225de6,Bob,Joshi,ME,2025,8.03,87.7,4,True,INTERVIEW,4.0,2022-03-10
a3bad073,Diya,Bose,ECE,2027,8.52,53.46,10,True,OFFERED,3.0,2023-12-07
0cb5983c,Charlie,Patel,CSE,2026,9.61,100.0,2,True,OFFERED,1.0,2023-07-12
fd056a56,Aditya,Singh,CSE,2025,5.78,43.9,11,True,REJECTED,3.0,2022-12-03
4ee8b219,Ananya,Brown,CE,2026,6.16,65.98,0,True,REJECTED,3.0,2024-07-14
af3aefeb,Vivaan,Reddy,CSE,2027,9.94,74.66,1,False,,2.0,2024-11-27
2c4d45d1,Ananya,Kumar,ECE,2027,7.82,61.27,11,False,,5.0,2023-05-13
1f26d7fc,Vihaan,Deshmukh,EE,2027,8.82,73.06,13,True,APPLIED,5.0,2022-01-26
6fcbcb75,Meera,Williams,ECE,2025,8.62,47.97,7,False,,4.0,2023-09-26
b33593d1,Jane,Das,CSE,2026,7.07,46.56,0,False,,5.0,2022-10-13
e753da6d,Nandini,Sharma,ME,2026,8.31,73.0,4,True,APPLIED,5.0,2022-05-28
60235284,Pari,Nair,EE,2026,7.15,48.49,8,True,OFFERED,3.0,2024-01-30
45ae47d4,Bob,Singh,ME,2025,9.6,71.94,6,True,INTERVIEW,5.0,2022-08-23
bba6cc83,Jane,Kumar,CSE,2027,8.79,98.86,10,False,,5.0,2023-10-10
e5f632ad,Kashvi,Smith,MBA,2027,7.22,53.1,15,True,APPLIED,3.0,2023-09-24
dfe44b1a,Aadhya,Reddy,EE,2024,9.82,93.68,11,True,APPLIED,4.0,2023-05-28
a024e22b,Ishaan,Sharma,CE,2025,7.87,65.89,2,True,APPLIED,5.0,2022-03-10
4a124176,Aarav,Smith,ME,2026,5.74,74.43,5,False,,3.0,2022-05-13
eb032d6a,Kashvi,Reddy,MBA,2024,7.18,90.04,1,False,,4.0,2024-02-26
6cd7d378,Ayaan,Deshmukh,CE,2025,9.75,96.55,15,False,,1.0,2023-05-30
8809d4e9,Alice,Rao,EE,2027,5.65,86.7,6,True,SCREENING,3.0,2023-04-29
847ef67f,Aditya,Brown,CE,2025,7.31,46.43,5,True,SCREENING,3.0,2023-04-08
d0ce0666,Arjun,Joshi,ME,2024,6.93,77.03,7,False,,3.0,2022-02-26
e176ce5c,John,Nair,BBA,2026,7.74,60.02,14,True,SCREENING,4.0,2023-04-17
4385e291,Aarav,Jones,CE,2027,8.6,92.08,10,False,,2.0,2023-08-16
e5db651f,Nandini,Deshmukh,CSE,2027,9.28,42.84,11,False,,3.0,2023-11-21
d1483111,Jane,Das,BBA,2026,8.05,79.62,11,True,INTERVIEW,4.0,2022-12-30
879b6d12,John,Joshi,EE,2027,7.45,93.47,10,True,REJECTED,3.0,2024-10-07
fe27583b,Krishna,Smith,CSE,2027,6.94,56.2,0,True,INTERVIEW,3.0,2022-03-15
02102972,Krishna,Reddy,BBA,2026,6.26,48.84,10,False,,1.0,2022-09-01
c14deb6d,John,Sharma,BBA,2026,9.71,98.89,0,False,,3.0,2023-09-03
48525095,Saanvi,Deshmukh,BBA,2024,9.0,66.12,8,False,,1.0,2023-02-16
0102932e,Shaurya,Kumar,EE,2024,7.71,84.24,14,False,,2.0,2022-12-04
74b70c7f,Arjun,Reddy,CE,2026,6.2,78.43,4,True,INTERVIEW,4.0,2024-04-19
4deca91c,John,Patel,CSE,2026,9.69,91.89,3,True,OFFERED,1.0,2023-03-28
50964f6b,Saanvi,Singh,BBA,2025,8.02,56.37,0,False,,2.0,2022-05-26
83d58b52,Charlie,Smith,BBA,2026,7.17,86.88,14,False,,3.0,2023-04-13
0e557141,Ayaan,Rao,CSE,2026,7.71,83.84,1,False,,3.0,2022-06-07
870a4676,Saanvi,Jones,BBA,2027,9.36,100.0,14,False,,3.0,2024-06-17
526b2ca2,Ishaan,Singh,MBA,2026,9.73,82.04,10,True,SCREENING,5.0,2023-02-04
42b17a49,Aadhya,Smith,EE,2026,7.69,40.18,12,False,,4.0,2024-06-24
8edcd2d3,Vivaan,Mukherjee,CE,2025,7.31,47.58,1,False,,3.0,2023-04-02
468b880e,Pari,Kumar,CE,2025,6.3,66.71,12,False,,3.0,2022-10-30
7457be60,Aditya,Johnson,CSE,2026,6.94,100.0,11,True,OFFERED,2.0,2023-03-23
29369e5f,Shaurya,Patel,CSE,2026,9.96,43.91,1,True,APPLIED,3.0,2022-06-10
72d0fa10,Diya,Patel,CSE,2024,5.8,63.82,14,False,,3.0,2022-06-22
8f38dbcb,Krishna,Bose,MBA,2027,6.73,76.59,7,False,,3.0,2022-06-15
66755066,Vihaan,Joshi,ECE,2026,6.69,59.12,14,False,,5.0,2022-09-24
1c810478,Ananya,Reddy,CSE,2026,9.85,65.38,10,True,APPLIED,3.0,2024-04-10
7a5b81e3,Sai,Deshmukh,ECE,2024,6.86,48.16,15,False,,3.0,2023-03-08
ae7ab3d8,Meera,Mukherjee,ECE,2024,7.71,82.58,0,False,,3.0,2024-12-31
575ba95e,Aarav,Mukherjee,CSE,2024,7.95,78.46,0,False,,2.0,2023-01-14
4ba496de,Aanya,Brown,EE,2025,7.71,63.69,8,False,,5.0,2024-09-14
69f5701d,John,Bose,CSE,2027,6.58,70.58,8,False,,2.0,2022-03-29
4db69a29,Kashvi,Das,CSE,2026,7.36,74.81,10,True,SCREENING,3.0,2023-10-22
1f67748e,Arjun,Sharma,CE,2024,9.03,77.68,6,True,REJECTED,3.0,2022-08-11
15d98d23,Ananya,Deshmukh,BBA,2026,8.3,40.81,8,True,REJECTED,4.0,2023-07-15
0612696f,Ananya,Patel,ECE,2027,7.77,68.56,6,True,OFFERED,3.0,2023-10-13
f0a2a3fe,Meera,Kumar,ME,2025,8.0,61.66,7,False,,1.0,2023-02-03
b0cb4dda,Diya,Deshmukh,ECE,2024,6.66,98.44,4,True,OFFERED,5.0,2022-01-28
8b855a21,Aditya,Joshi,CE,2027,6.34,76.65,13,True,REJECTED,3.0,2023-04-11
78c74d1a,Arjun,Brown,BBA,2025,7.2,43.01,6,True,REJECTED,3.0,2023-06-19
be4b39ad,Saanvi,Kumar,EE,2027,8.06,71.89,9,False,,5.0,2023-08-14
82df97e8,Aarav,Bose,CE,2026,7.71,62.42,13,False,,3.0,2023-03-17
acf31e5b,John,Jones,ECE,2027,9.88,48.04,11,False,,4.0,2024-11-24
8ea85bf6,Ishaan,Kumar,MBA,2026,8.66,58.12,4,True,REJECTED,3.0,2022-02-03
bceeac4c,Aanya,Gupta,ECE,2025,6.88,47.89,13,False,,5.0,2023-04-11
190ff2f7,Ananya,Joshi,ME,2026,7.8,43.66,12,False,,2.0,2022-06-15
4eda76d5,Arjun,Das,MBA,2026,7.71,85.32,15,False,,1.0,2023-12-22
a776afd4,Krishna,Smith,ECE,2027,8.27,87.37,3,True,OFFERED,5.0,2023-05-06
d2cd9fee,Kashvi,Johnson,CE,2025,6.77,71.55,13,False,,2.0,2022-03-10
2a475c5a,Sai,Williams,MBA,2027,6.98,46.9,4,True,SCREENING,4.0,2024-03-31
f02109f5,Alice,Nair,CSE,2024,6.03,92.45,9,True,APPLIED,3.0,2022-09-04
b2d4d634,Sai,Joshi,EE,2025,7.71,60.23,8,True,SCREENING,3.0,2024-01-11
165d4dff,Vivaan,Joshi,CSE,2027,5.97,87.29,10,False,,5.0,2023-12-29
d6f0ce93,Aarav,Sharma,UNKNOWN,2026,7.71,89.81,14,False,,1.0,2022-05-17
53fe5baa,Charlie,Bose,ECE,2027,6.32,97.97,3,True,INTERVIEW,3.0,2023-08-26
96f32450,Jane,Kumar,BBA,2024,6.19,79.98,15,False,,4.0,2023-02-21
0fd0d33b,Vivaan,Das,CSE,2026,9.0,49.37,5,False,,3.0,2023-07-25
4a8d9c9d,Jane,Smith,BBA,2027,8.25,74.95,15,True,REJECTED,4.0,2024-12-30
542edc71,Bob,Bose,MBA,2024,8.89,85.86,12,False,,3.0,2023-11-15
c10be0e6,Aanya,Brown,ME,2025,8.49,86.73,0,False,,3.0,2022-08-03
8504e3a6,Charlie,Joshi,CE,2026,7.38,75.09,8,True,OFFERED,3.0,2024-06-07
068b2fb0,Meera,Gupta,ECE,2027,6.39,58.65,7,True,APPLIED,1.0,2024-01-19
247e1dee,Pari,Patel,ECE,2024,5.6,85.45,1,True,OFFERED,4.0,2022-05-26
9ae94063,Aanya,Brown,EE,2027,8.02,47.45,5,True,INTERVIEW,2.0,2022-02-15
0c3b7f7d,Meera,Smith,CE,2024,7.71,77.86,1,False,,3.0,2022-05-10
f3e1dd61,Kashvi,Johnson,CSE,2024,7.19,60.96,2,False,,5.0,2024-05-04
f12bb4dd,Aanya,Nair,EE,2025,8.76,58.19,8,True,SCREENING,3.0,2023-02-27
d0901050,Aaradhya,Sharma,MBA,2025,7.71,66.57,10,False,,1.0,2023-06-23
d2caff80,Arjun,Smith,MBA,2026,9.3,65.17,13,True,REJECTED,3.0,2024-09-07
4ef0f0d5,Pari,Gupta,CE,2024,7.84,92.76,7,False,,4.0,2023-05-06
682a829c,Diya,Sharma,ECE,2027,9.71,71.7,15,True,INTERVIEW,3.0,2024-02-04
a8ea60bb,Alice,Johnson,EE,2025,5.92,65.2,14,False,,1.0,2022-06-14
35189a90,Aaradhya,Smith,BBA,2024,9.4,60.27,2,True,SCREENING,2.0,2023-08-17
f8d95d29,Jane,Das,MBA,2026,9.94,50.4,9,True,OFFERED,3.0,2022-10-23
eb91e51f,Bob,Patel,EE,2026,5.86,95.9,6,True,APPLIED,5.0,2023-11-27
1b6c5541,Aadhya,Johnson,CE,2024,7.46,59.58,15,False,,3.0,2024-10-04
63f5acf3,Arjun,Mukherjee,ECE,2025,8.88,72.63,3,True,APPLIED,3.0,2022-03-26
b338645a,Krishna,Smith,EE,2026,8.38,51.75,15,False,,1.0,2023-12-29
4ff65b65,Aaradhya,Nair,BBA,2026,8.2,63.02,12,True,REJECTED,3.0,2023-07-20
d804308e,Diya,Smith,CSE,2025,6.55,96.67,2,False,,5.0,2023-07-22
47c1b646,Aanya,Joshi,CSE,2024,6.43,44.92,3,True,OFFERED,1.0,2023-07-03
2a16f4c2,Meera,Johnson,CSE,2027,5.58,84.71,13,False,,3.0,2024-05-13
7e22586c,Pari,Deshmukh,MBA,2027,8.78,81.74,12,False,,1.0,2022-08-06
ba67a5a7,Aaradhya,Mukherjee,MBA,2026,7.71,59.16,12,True,OFFERED,2.0,2023-09-03
80f4ffa6,Aadhya,Deshmukh,EE,2024,8.9,48.89,2,True,SCREENING,4.0,2022-09-24
bf110180,Arjun,Patel,MBA,2024,6.51,97.02,3,False,,4.0,2024-08-13
80350f46,Charlie,Deshmukh,BBA,2027,8.12,62.15,12,False,,2.0,2023-06-06
97210f19,Meera,Joshi,EE,2025,6.03,92.99,10,True,SCREENING,1.0,2022-11-11
c690955a,Meera,Rao,UNKNOWN,2026,6.37,82.99,3,False,,3.0,2024-10-17
e0e18743,John,Sharma,ECE,2024,8.69,74.7,9,False,,3.0,2022-10-18
556520f2,Charlie,Deshmukh,ME,2025,6.77,55.66,7,False,,5.0,2023-05-25
8683cdba,Ananya,Deshmukh,CSE,2027,8.78,91.24,9,False,,3.0,2022-12-06
28d3fdb1,Sai,Johnson,MBA,2026,7.58,68.93,1,False,,5.0,2023-10-13
a3a64da0,Saanvi,Williams,BBA,2024,9.65,91.05,10,False,,1.0,2024-01-05
b40dcff3,Meera,Das,CE,2024,8.84,82.44,6,False,,1.0,2024-03-14
ae595781,Ananya,Joshi,ECE,2026,7.34,41.6,1,True,INTERVIEW,3.0,2022-07-07
c845eeff,Jane,Das,CE,2026,8.03,74.0,14,False,,3.0,2022-08-15
49383e70,Aadhya,Mukherjee,BBA,2025,8.76,60.22,14,False,,3.0,2024-12-30
488be947,Diya,Patel,CSE,2027,5.95,76.86,13,True,SCREENING,3.0,2023-02-21
ccfc7179,Pari,Joshi,ECE,2025,9.56,61.07,3,True,OFFERED,3.0,2024-10-18
8a63d034,Krishna,Rao,ME,2026,9.73,78.21,5,True,OFFERED,2.0,2022-11-01
3eb8e111,Jane,Kumar,ECE,2025,6.32,83.16,9,True,REJECTED,3.0,2023-09-29
fa926bba,Ayaan,Kumar,BBA,2026,5.96,60.26,2,False,,1.0,2022-07-19
fa25ead3,Aadhya,Rao,EE,2027,7.71,78.99,14,False,,3.0,2023-12-17
9c85df85,Aanya,Rao,EE,2025,6.55,98.29,5,True,INTERVIEW,3.0,2022-12-22
1be578c5,Aadhya,Joshi,ME,2024,8.72,60.02,10,True,REJECTED,3.0,2024-06-05
0909e42e,Charlie,Kumar,ECE,2026,8.43,96.76,1,False,,2.0,2024-03-28
56cb8e62,Meera,Deshmukh,BBA,2025,5.87,41.56,7,True,SCREENING,1.0,2024-06-22
95e4f456,Krishna,Jones,EE,2027,6.32,87.2,9,False,,3.0,2024-08-22
92454bb0,Bob,Jones,CE,2025,9.91,55.08,7,True,SCREENING,3.0,2024-11-02
f4a8d478,Bob,Reddy,UNKNOWN,2025,6.61,52.74,11,True,APPLIED,3.0,2022-05-20
00f71a0b,Shaurya,Singh,BBA,2027,9.91,45.83,3,True,REJECTED,2.0,2024-10-02
c6bbee50,Kashvi,Reddy,ME,2025,7.82,57.45,9,True,INTERVIEW,2.0,2022-10-30
d2e0700c,Kashvi,Joshi,EE,2024,9.23,50.51,7,False,,3.0,2023-07-18
c2167b7b,Aarav,Reddy,CSE,2026,8.16,85.47,10,True,INTERVIEW,3.0,2024-03-10
28d2728e,Alice,Mukherjee,MBA,2027,9.91,82.62,2,True,SCREENING,5.0,2022-10-06
922dfeb2,Sai,Reddy,UNKNOWN,2024,7.58,58.42,12,False,,2.0,2022-01-13
b9cd86a2,Aditya,Bose,ECE,2027,8.96,68.65,10,False,,3.0,2023-12-26
629dbb69,Kashvi,Das,ME,2024,6.01,52.98,5,True,OFFERED,3.0,2022-03-13
cdc9d608,Aarav,Brown,EE,2025,9.97,55.4,1,True,OFFERED,5.0,2023-01-05
34dc6f39,Aarav,Rao,BBA,2025,7.11,94.82,13,True,APPLIED,3.0,2024-11-20
9323d819,Aanya,Bose,BBA,2026,5.6,93.59,14,False,,5.0,2022-12-02
923d35ed,Bob,Mukherjee,MBA,2024,7.33,54.56,13,False,,3.0,2023-10-01
62bddebf,John,Rao,BBA,2024,6.07,84.54,0,False,,2.0,2022-10-21
42b30e45,Vihaan,Patel,BBA,2025,9.93,96.02,15,True,APPLIED,3.0,2022-01-17
79377eba,Aadhya,Sharma,CSE,2024,7.26,42.79,12,True,OFFERED,3.0,2022-07-06
c5588d2c,Bob,Johnson,MBA,2027,9.33,66.27,1,True,REJECTED,4.0,2022-07-09
7d1a28c7,Aaradhya,Jones,CSE,2024,7.01,60.84,7,True,SCREENING,3.0,2024-07-18
42fac737,Aaradhya,Williams,ECE,2024,6.35,65.22,2,True,APPLIED,2.0,2022-06-16
e8dbe5ea,Vivaan,Joshi,ME,2024,5.68,94.74,9,True,REJECTED,3.0,2023-01-30
004603c9,Diya,Rao,CSE,2025,7.43,74.98,1,False,,3.0,2022-12-17
04284f76,Aaradhya,Jones,CSE,2026,5.6,78.85,0,True,SCREENING,1.0,2022-03-11
9e48abb9,Kashvi,Das,BBA,2025,7.19,72.2,1,False,,3.0,2022-01-28
c1c3a7e7,Jane,Bose,CSE,2024,7.16,54.57,11,False,,3.0,2022-04-27
db305612,Nandini,Nair,CSE,2026,6.39,85.95,8,True,SCREENING,5.0,2023-08-15
5d032fbd,Diya,Kumar,CE,2026,7.9,68.06,1,False,,5.0,2023-06-24
598716ff,Meera,Reddy,ME,2024,8.25,74.22,1,False,,2.0,2023-04-24
8db3ecad,Kashvi,Williams,ECE,2025,7.63,75.96,10,False,,5.0,2024-10-01
f99542ae,John,Joshi,EE,2027,9.08,50.78,11,False,,1.0,2023-07-02
678efb64,Vivaan,Johnson,EE,2025,7.71,91.52,0,True,OFFERED,1.0,2022-11-08
d1143c97,Ishaan,Gupta,ME,2024,5.57,62.31,12,True,REJECTED,3.0,2024-02-18
88a3f62e,Bob,Johnson,ECE,2027,8.28,67.15,14,False,,3.0,2022-03-31
d1a2ba78,Vihaan,Mukherjee,ECE,2026,9.97,81.78,4,True,APPLIED,3.0,2024-01-02
a3e8bdc3,Sai,Das,BBA,2026,8.93,70.19,9,False,,3.0,2024-12-09
3299f9a2,Saanvi,Kumar,ME,2025,8.6,42.79,11,False,,3.0,2022-02-28
e2512399,Meera,Mukherjee,CSE,2026,6.44,92.8,11,False,,3.0,2022-08-14
71444803,Arjun,Reddy,CSE,2024,8.3,43.88,3,True,OFFERED,2.0,2022-12-31
995f66dc,Aarav,Deshmukh,ECE,2024,9.69,47.5,6,False,,4.0,2023-08-20
830828c9,Charlie,Das,EE,2025,9.41,77.79,8,True,APPLIED,3.0,2023-02-25
2559429c,Diya,Singh,ECE,2025,6.82,93.72,6,True,APPLIED,1.0,2024-11-30
57329a51,Aarav,Gupta,CE,2025,6.87,53.12,12,True,SCREENING,1.0,2023-04-09
0ffe003d,Aarav,Joshi,BBA,2027,7.85,89.54,3,False,,2.0,2024-01-13
ae7f9429,Aanya,Bose,CSE,2025,9.78,67.43,13,False,,3.0,2024-10-27
3b3cd35a,Ishaan,Joshi,ECE,2027,7.43,48.92,14,True,REJECTED,2.0,2022-10-13
bf7cd9f2,Aarav,Das,CE,2027,7.88,43.56,14,True,APPLIED,3.0,2022-02-27
cab52208,Vihaan,Reddy,ECE,2025,5.68,40.8,1,True,SCREENING,2.0,2023-08-18
04be4ec8,Aarav,Bose,BBA,2027,9.9,97.91,13,True,REJECTED,2.0,2022-07-21
c986bc83,Diya,Joshi,BBA,2026,8.28,70.43,0,False,,1.0,2023-12-28
f8e3cd29,Sai,Gupta,MBA,2025,9.24,90.29,3,False,,3.0,2023-02-05
1410ffcb,John,Das,MBA,2024,7.71,87.75,8,False,,3.0,2023-12-08
d034e1f8,Diya,Brown,MBA,2025,7.97,57.6,8,False,,4.0,2023-11-08
448a057c,Aaradhya,Brown,CSE,2025,6.02,73.01,11,True,INTERVIEW,3.0,2022-01-31
41b9a731,Bob,Bose,EE,2025,8.29,61.11,14,True,INTERVIEW,2.0,2024-12-07
13214ebf,Sai,Patel,ECE,2024,7.71,74.73,10,False,,4.0,2023-01-28
4edc5121,Aarav,Mukherjee,UNKNOWN,2027,6.64,68.67,10,False,,3.0,2023-07-21
31e827e5,Aditya,Johnson,BBA,2027,7.28,51.59,14,False,,3.0,2024-06-25
c57f2a25,Meera,Singh,CSE,2027,9.03,40.13,12,True,SCREENING,3.0,2023-11-27
30d95746,Ayaan,Williams,EE,2026,7.0,90.99,5,True,REJECTED,2.0,2022-11-15
0b24f503,Kashvi,Johnson,BBA,2027,7.26,97.87,15,False,,3.0,2022-05-21
6e66a2e8,Vihaan,Williams,CE,2027,8.18,44.86,3,False,,5.0,2022-02-02
73e3f1f5,Ishaan,Mukherjee,ME,2026,9.95,52.78,14,True,SCREENING,3.0,2024-11-15
7874b292,Bob,Reddy,MBA,2024,7.19,67.16,7,True,SCREENING,4.0,2022-05-21
8ac41429,Meera,Smith,EE,2026,7.42,97.57,14,False,,2.0,2022-12-04
49115692,Aaradhya,Jones,CSE,2025,7.7,85.83,1,False,,3.0,2024-11-27
d5862e7b,John,Mukherjee,EE,2027,9.23,98.23,1,False,,2.0,2024-06-20
f0ea9a3d,Bob,Rao,EE,2026,5.74,65.82,9,True,APPLIED,5.0,2022-06-25
62a30241,Kashvi,Johnson,MBA,2026,6.42,42.18,14,True,INTERVIEW,5.0,2022-12-21
08a498a1,Alice,Rao,BBA,2026,8.07,80.21,6,True,SCREENING,2.0,2023-02-12
e0ba0b69,Pari,Johnson,BBA,2024,6.51,60.65,0,True,SCREENING,3.0,2022-07-18
74312e99,Ananya,Singh,BBA,2027,5.89,99.23,4,True,REJECTED,2.0,2024-05-25
ec2b8862,Alice,Sharma,MBA,2027,6.47,89.7,1,False,,3.0,2022-12-26
3341d943,Shaurya,Joshi,CE,2024,7.71,79.69,6,False,,5.0,2022-02-11
4a121fec,Aarav,Gupta,ECE,2024,7.89,52.51,9,True,REJECTED,4.0,2024-11-07
ed9c9d61,Aanya,Joshi,CE,2024,7.96,72.76,6,False,,3.0,2024-06-30
58f917d2,Vivaan,Das,CSE,2024,7.03,98.55,10,False,,2.0,2022-05-10
e20b57f7,Ananya,Williams,ECE,2024,6.5,42.56,4,False,,5.0,2022-08-20
f534111e,Sai,Deshmukh,ME,2025,7.56,47.6,1,True,OFFERED,3.0,2022-11-06
5246380c,Nandini,Gupta,CE,2025,8.32,80.09,0,True,OFFERED,3.0,2023-03-20
71450ed4,Diya,Jones,ECE,2024,8.0,77.8,4,True,SCREENING,2.0,2022-02-22
681ec08e,Vihaan,Deshmukh,ME,2025,6.0,45.45,12,False,,2.0,2023-10-08
b36f785e,Ayaan,Williams,CSE,2027,7.58,82.41,9,True,REJECTED,2.0,2023-08-05
ebd79a29,Ananya,Sharma,ME,2024,6.91,76.75,5,False,,2.0,2024-04-18
c467ab1f,Aarav,Johnson,CSE,2027,6.38,77.82,9,True,APPLIED,3.0,2023-07-09
8bd44b62,Aadhya,Rao,CSE,2024,6.14,81.25,11,False,,5.0,2023-06-11
5b580f59,Pari,Gupta,ECE,2025,9.71,92.5,10,False,,3.0,2022-11-09
1e729f5d,Shaurya,Sharma,ECE,2027,8.04,51.83,1,True,SCREENING,1.0,2022-12-11
206f5080,Vihaan,Brown,MBA,2024,7.01,68.93,4,False,,3.0,2024-02-05
35062b8d,Kashvi,Johnson,CSE,2024,9.0,55.92,14,False,,5.0,2022-07-24
97bea772,Shaurya,Jones,CSE,2027,8.7,87.76,0,True,INTERVIEW,5.0,2023-03-19
a038adec,Ishaan,Smith,ME,2024,6.41,60.21,2,False,,3.0,2024-02-02
66c1ce55,Vihaan,Sharma,BBA,2027,7.38,98.6,4,False,,1.0,2023-10-21
31e820bd,Vivaan,Jones,MBA,2026,9.7,95.2,12,True,SCREENING,5.0,2024-10-28
a625cd9a,Sai,Smith,EE,2024,6.48,42.39,8,True,INTERVIEW,2.0,2022-03-29
49ee11d2,Vivaan,Rao,CE,2024,9.96,79.6,15,True,REJECTED,2.0,2024-10-29
b6a14a73,Arjun,Sharma,BBA,2027,8.22,57.85,3,True,INTERVIEW,5.0,2024-01-28
64cd2e8d,Vivaan,Das,CSE,2026,9.58,60.58,3,False,,1.0,2022-01-05
e85b2da2,Saanvi,Brown,ME,2026,6.54,53.72,15,True,APPLIED,3.0,2024-05-05
68ae02c3,Sai,Williams,ECE,2027,5.61,93.04,6,False,,3.0,2023-11-01
a7d3c246,Ayaan,Brown,BBA,2026,8.46,58.42,11,False,,3.0,2024-11-11
80b2e111,Aanya,Reddy,MBA,2027,9.65,55.69,15,False,,2.0,2024-02-17
2c976700,Jane,Mukherjee,CE,2026,6.46,86.56,9,False,,5.0,2022-01-30
83e45421,Aanya,Bose,ME,2025,6.57,97.43,5,True,REJECTED,4.0,2024-08-10
70141fea,Vihaan,Sharma,ECE,2026,8.63,67.29,11,True,OFFERED,3.0,2024-01-13
dec156fc,Ayaan,Das,MBA,2024,6.03,50.63,0,False,,4.0,2022-05-04
d5262ebb,Ayaan,Nair,ME,2027,7.14,75.08,14,True,OFFERED,5.0,2024-04-01
59f20515,Vivaan,Kumar,EE,2027,6.88,74.92,11,False,,5.0,2023-04-14
35321d9b,Aadhya,Reddy,BBA,2025,7.18,45.57,4,False,,4.0,2022-06-22
58684399,Jane,Rao,MBA,2024,7.11,96.68,2,False,,3.0,2023-04-01
6ed7df02,Aadhya,Kumar,ECE,2024,7.58,88.71,8,False,,3.0,2022-02-22
6887af47,Kashvi,Patel,BBA,2027,8.26,91.64,6,False,,1.0,2022-08-02
f0ee0583,Pari,Bose,MBA,2026,5.79,47.01,0,False,,1.0,2023-03-22
f273f0c3,Ananya,Sharma,MBA,2024,9.72,49.97,15,False,,3.0,2022-04-04
d9c4868c,Kashvi,Das,ECE,2024,6.48,66.9,8,False,,3.0,2024-12-10
632d31d2,Aarav,Kumar,CSE,2026,7.53,67.76,2,False,,2.0,2023-06-24
ffd381c6,Vivaan,Smith,EE,2025,8.28,59.77,14,True,APPLIED,2.0,2023-09-30
4381aaea,Aarav,Joshi,CSE,2024,8.66,48.24,2,True,REJECTED,5.0,2023-01-20
da7b78fe,Bob,Mukherjee,CE,2027,8.36,86.39,14,True,APPLIED,5.0,2022-10-17
2a49d820,Meera,Das,EE,2025,6.7,50.09,9,False,,4.0,2023-07-09
925e67fd,Ananya,Singh,ECE,2025,6.43,89.18,11,True,OFFERED,3.0,2022-11-05
678e729f,Vivaan,Rao,BBA,2025,7.58,89.96,9,False,,2.0,2024-04-15
b427de7e,Shaurya,Rao,CE,2025,6.06,63.35,12,False,,3.0,2024-06-03
d044be5c,Aarav,Johnson,ME,2025,5.61,90.29,3,False,,1.0,2022-09-08
ff4e6866,Shaurya,Kumar,MBA,2024,7.83,88.78,8,True,INTERVIEW,2.0,2022-10-24
4ce145da,Nandini,Singh,BBA,2025,9.56,69.56,15,True,INTERVIEW,1.0,2024-02-09
fc69963d,Vihaan,Johnson,CSE,2027,6.11,94.99,5,True,REJECTED,3.0,2022-06-09
f6a7471c,Arjun,Bose,BBA,2024,6.03,83.82,8,True,APPLIED,5.0,2024-09-22
475a9250,Pari,Deshmukh,CSE,2026,8.93,78.02,1,False,,4.0,2024-10-15
dc4a6278,Aadhya,Sharma,BBA,2024,9.74,88.1,10,False,,1.0,2024-04-15
ddccceca,Vivaan,Singh,CE,2026,7.59,48.4,2,False,,4.0,2022-11-11
5fef9fd4,Krishna,Deshmukh,CSE,2025,9.14,68.35,13,False,,1.0,2023-08-31
9d483f97,Aditya,Brown,ECE,2025,7.56,98.89,9,False,,1.0,2024-12-22
4a8947a3,Charlie,Das,EE,2024,5.52,46.88,8,True,REJECTED,3.0,2023-08-24
1d9fc621,Ayaan,Sharma,CSE,2024,9.63,52.6,11,True,APPLIED,3.0,2023-12-29
12e31127,Aditya,Jones,CSE,2024,7.44,85.94,10,True,APPLIED,3.0,2022-05-27
8b00d034,Nandini,Singh,CSE,2025,6.29,70.23,14,True,OFFERED,5.0,2022-07-01
9d73d050,Aanya,Sharma,ME,2025,8.44,47.22,2,False,,4.0,2023-03-17
7c8b3260,Bob,Rao,CSE,2026,6.46,44.86,15,True,OFFERED,4.0,2024-06-07
783aaf7f,Arjun,Williams,MBA,2026,7.2,74.23,0,True,APPLIED,3.0,2023-11-28
88afdd46,Jane,Jones,ECE,2025,7.2,79.07,15,False,,3.0,2022-04-15
18a6783b,Saanvi,Deshmukh,MBA,2027,6.83,43.62,12,False,,4.0,2023-04-29
2b40caf5,Diya,Sharma,EE,2024,9.76,54.7,14,False,,3.0,2024-06-13
dbe0888a,John,Brown,MBA,2024,9.4,64.1,3,True,SCREENING,1.0,2022-05-09
b1266fed,Arjun,Sharma,EE,2025,9.24,74.87,6,False,,2.0,2023-12-08
38902b75,Ananya,Joshi,CSE,2027,6.97,78.22,9,False,,5.0,2024-04-18
c1776a4e,Nandini,Rao,CSE,2026,7.15,85.96,5,True,INTERVIEW,3.0,2022-02-22
bdc9b04f,Saanvi,Gupta,CSE,2026,6.85,68.78,14,False,,3.0,2024-09-30
38a6b4dc,John,Reddy,EE,2025,7.61,94.72,5,False,,1.0,2022-07-27
1dc4fab3,Aaradhya,Bose,ECE,2026,6.22,53.03,7,True,APPLIED,2.0,2022-06-10
8be56fc1,Krishna,Rao,BBA,2024,8.87,83.61,10,True,APPLIED,1.0,2022-11-20
efe41e64,Nandini,Patel,ECE,2024,6.82,75.38,4,False,,4.0,2023-11-09
f22ebd00,Arjun,Patel,CSE,2024,7.8,69.65,11,True,INTERVIEW,3.0,2022-07-02
921f4d90,Alice,Kumar,ME,2026,7.71,63.44,2,True,OFFERED,3.0,2022-08-01
3451e073,Ayaan,Johnson,EE,2026,6.24,88.67,14,False,,1.0,2023-06-13
46d1364e,Saanvi,Singh,ME,2027,8.96,62.02,4,True,APPLIED,5.0,2024-05-14
5d45bef3,Ishaan,Patel,CE,2026,9.18,79.89,13,True,APPLIED,4.0,2023-12-16
e295407a,Saanvi,Kumar,EE,2024,8.51,58.32,15,False,,3.0,2022-12-30
0129994e,Saanvi,Nair,ME,2025,8.24,61.95,9,False,,4.0,2022-06-14
f261698e,Jane,Williams,CSE,2025,7.34,74.17,12,False,,5.0,2023-12-18
406e2b04,Bob,Williams,CSE,2027,9.48,54.27,1,False,,2.0,2023-08-14
1c03068c,Shaurya,Das,CSE,2025,7.07,47.95,0,True,REJECTED,3.0,2022-06-23
6e92311d,Jane,Bose,CSE,2025,9.89,43.41,9,True,REJECTED,2.0,2024-09-16
525c4e9a,Shaurya,Mukherjee,EE,2026,7.37,78.85,5,False,,3.0,2023-08-22
8500adec,Ishaan,Johnson,UNKNOWN,2024,9.48,51.35,4,True,OFFERED,3.0,2022-11-13
85b19cc2,Bob,Bose,EE,2026,9.17,46.92,12,False,,3.0,2023-02-11
a9a4ba6d,Charlie,Smith,MBA,2025,7.85,100.0,8,False,,5.0,2022-02-15
214bfe29,Arjun,Das,ECE,2025,6.99,80.23,2,False,,3.0,2024-05-13
9565d374,Aanya,Brown,MBA,2027,5.53,57.29,14,True,OFFERED,5.0,2022-08-23
2987ebed,John,Patel,CSE,2024,5.71,96.0,1,True,REJECTED,1.0,2022-10-17
a19243d9,Jane,Mukherjee,BBA,2027,7.36,61.11,2,True,INTERVIEW,2.0,2023-09-14
6676e48d,Charlie,Rao,UNKNOWN,2024,8.61,45.13,8,True,REJECTED,3.0,2022-05-14
c9831a66,Alice,Deshmukh,BBA,2024,8.31,70.71,5,True,APPLIED,3.0,2024-06-07
525a6526,Charlie,Singh,EE,2025,8.76,74.57,9,True,REJECTED,4.0,2022-04-11
22701dd7,Vivaan,Bose,CE,2025,9.22,82.97,12,True,OFFERED,3.0,2022-01-31
af64ac67,Ayaan,Joshi,CSE,2024,8.24,49.6,9,False,,3.0,2023-12-01
3206f95c,Ishaan,Brown,BBA,2026,9.47,64.96,7,False,,4.0,2024-01-20
2c9398ea,Ananya,Reddy,MBA,2024,6.9,95.09,0,False,,1.0,2024-11-13
70727436,Pari,Kumar,ECE,2025,8.72,64.55,11,False,,2.0,2022-06-13
fa8da672,Arjun,Reddy,MBA,2024,8.4,56.34,0,False,,3.0,2022-09-27
f40f5f66,Sai,Kumar,ME,2026,6.6,69.21,10,True,OFFERED,2.0,2023-04-27
f0f1afe6,Jane,Singh,CSE,2024,9.92,41.15,15,True,APPLIED,3.0,2022-05-06
5fcf5f31,Aaradhya,Sharma,ECE,2024,8.4,89.71,15,True,APPLIED,3.0,2024-10-16
7b7fe9b7,Ayaan,Singh,BBA,2027,5.94,63.11,10,False,,2.0,2023-07-29
6237b03f,Pari,Johnson,EE,2027,7.94,78.7,1,True,APPLIED,4.0,2024-02-10
03a8629a,Ishaan,Smith,CE,2024,5.88,57.72,4,False,,4.0,2023-11-06
e09e7e69,Vihaan,Joshi,CE,2025,5.92,100.0,15,True,OFFERED,5.0,2022-06-02
4c2484a7,Saanvi,Smith,MBA,2027,8.72,83.94,14,True,APPLIED,2.0,2022-03-16
48d4bea2,Shaurya,Das,CSE,2024,5.69,59.33,4,True,REJECTED,3.0,2023-08-28
3ca22935,Bob,Das,ME,2027,9.55,93.48,9,False,,3.0,2023-06-08
516950ed,Krishna,Johnson,ME,2026,7.02,97.62,9,False,,3.0,2022-01-06
58f27b4f,Aanya,Jones,BBA,2027,8.39,72.11,9,True,REJECTED,3.0,2024-02-10
dd575246,Kashvi,Sharma,ECE,2026,5.64,68.75,13,False,,1.0,2023-12-13
9f1f033c,Diya,Bose,CE,2025,5.78,93.49,12,True,SCREENING,3.0,2024-12-22
3701fd9f,Bob,Williams,EE,2027,8.01,74.84,10,True,SCREENING,2.0,2024-11-18
c78259a1,John,Patel,CE,2025,7.78,41.0,0,True,SCREENING,3.0,2024-01-15
f09a6806,Aaradhya,Sharma,CE,2027,7.67,50.87,3,False,,2.0,2023-07-08
7d3edd58,Diya,Deshmukh,EE,2026,7.12,40.94,15,False,,4.0,2024-04-30
ca7a2a48,Ananya,Das,CE,2024,5.69,99.65,13,True,OFFERED,1.0,2024-07-26
290943b8,Pari,Reddy,ME,2027,6.68,44.0,7,True,REJECTED,1.0,2024-03-08
c1c73502,Jane,Gupta,CSE,2027,6.97,43.98,11,False,,3.0,2023-04-14
04aaf930,Sai,Jones,MBA,2025,5.96,53.95,11,True,INTERVIEW,4.0,2022-05-04
2dd3d142,Diya,Jones,ECE,2024,7.45,73.17,4,True,REJECTED,5.0,2024-10-15
33289944,Meera,Reddy,MBA,2027,9.92,47.87,8,True,SCREENING,3.0,2022-01-06
ba1abbdd,John,Jones,CSE,2024,9.8,40.27,5,True,OFFERED,2.0,2024-11-27
4eced256,Arjun,Smith,EE,2025,6.99,71.0,15,False,,1.0,2022-12-09
05bdeffc,Aaradhya,Smith,ECE,2025,5.76,92.56,1,False,,2.0,2024-06-22
6bb257c4,Shaurya,Jones,ECE,2026,6.66,68.92,12,True,OFFERED,3.0,2024-04-27
37c004de,Pari,Jones,CE,2025,9.69,92.54,0,True,OFFERED,2.0,2024-10-25
f3b49cf3,Vihaan,Patel,ME,2027,8.26,71.82,15,False,,5.0,2023-03-13
01e55596,Krishna,Patel,ME,2027,5.75,67.42,5,True,REJECTED,3.0,2023-01-19
540317eb,Aarav,Singh,BBA,2025,7.71,67.52,11,False,,3.0,2023-05-03
856aefd8,Saanvi,Jones,CE,2026,8.05,70.31,6,True,SCREENING,4.0,2023-02-22
f8330445,Kashvi,Williams,EE,2024,5.9,62.15,3,True,INTERVIEW,3.0,2024-08-25
cec84dcf,Aditya,Patel,MBA,2027,6.41,62.64,3,False,,3.0,2024-05-10
0ad822a1,Kashvi,Rao,ME,2024,7.71,79.43,2,False,,1.0,2022-08-27
29e4ff16,Vihaan,Mukherjee,CSE,2027,9.02,100.0,5,False,,5.0,2022-10-14
38ac61c2,Alice,Williams,EE,2027,9.49,59.12,10,False,,3.0,2024-06-14
af48351f,Bob,Deshmukh,UNKNOWN,2026,5.89,91.77,11,True,REJECTED,2.0,2024-10-05
7a13b1e8,Diya,Deshmukh,CE,2026,5.93,80.56,13,False,,3.0,2024-07-12
23b24254,Arjun,Smith,EE,2025,7.73,74.1,11,False,,2.0,2022-10-19
2cba7664,Pari,Kumar,CSE,2025,9.33,49.7,6,False,,3.0,2024-09-21
94894b4d,Bob,Das,ME,2026,7.51,91.43,10,False,,3.0,2022-05-05
b3ccf865,Ayaan,Patel,CE,2027,9.62,75.47,3,True,APPLIED,1.0,2022-02-24
9b0a02a8,Krishna,Jones,CE,2026,5.96,57.89,11,True,OFFERED,3.0,2024-06-12
3bef83ed,Vivaan,Johnson,EE,2026,9.47,55.94,4,True,SCREENING,3.0,2022-12-17
6cbcad37,Vivaan,Singh,CE,2027,8.51,76.76,8,False,,3.0,2024-05-12
4a296221,Ananya,Rao,CSE,2025,7.71,79.95,0,False,,3.0,2022-11-07
b3cedf0d,John,Johnson,ECE,2027,6.56,66.58,2,True,SCREENING,3.0,2024-03-13
12c85328,Bob,Rao,BBA,2027,7.71,92.58,11,False,,3.0,2023-01-21
98ee8d50,Aanya,Singh,EE,2025,7.7,93.33,3,False,,1.0,2023-08-15
ab72b9a3,Saanvi,Bose,EE,2027,7.58,75.82,1,True,SCREENING,3.0,2024-05-17
06e45917,Charlie,Smith,MBA,2024,9.78,53.06,11,True,INTERVIEW,1.0,2022-07-06
709d6198,Vihaan,Das,ECE,2026,7.2,77.11,7,False,,4.0,2024-11-07
ab0ad361,Nandini,Deshmukh,CSE,2024,5.92,91.45,7,False,,5.0,2022-12-12
586ccb80,Aditya,Brown,ECE,2027,6.46,55.29,11,False,,3.0,2022-09-16
ebcd53bb,Vivaan,Gupta,CE,2026,6.28,65.65,7,True,INTERVIEW,3.0,2023-07-18
d490bae4,Charlie,Reddy,EE,2026,8.82,69.1,4,True,OFFERED,4.0,2022-04-25
dd17a242,Aanya,Rao,CE,2025,6.83,54.01,6,False,,3.0,2022-01-30
0e7d8d27,Aadhya,Deshmukh,BBA,2027,8.88,50.67,13,False,,5.0,2023-07-31
f31f0bed,Meera,Patel,CSE,2027,6.46,45.0,10,False,,3.0,2022-09-12
e11e2371,Shaurya,Deshmukh,ME,2027,8.87,77.14,8,False,,3.0,2024-05-06
8f87c880,Aditya,Sharma,ECE,2024,9.17,51.55,11,False,,3.0,2022-05-07
0bb5427a,Jane,Patel,ME,2025,8.7,58.88,5,False,,2.0,2022-03-22
8cc95b97,Nandini,Bose,EE,2027,8.31,45.23,12,True,INTERVIEW,1.0,2022-08-24
911c5bf4,John,Kumar,UNKNOWN,2026,7.79,99.9,6,False,,1.0,2022-12-19
8db82064,Alice,Joshi,CE,2024,5.53,97.66,8,False,,4.0,2023-05-25
062941d3,Diya,Joshi,MBA,2026,8.82,57.86,9,False,,4.0,2023-11-13
87f89ec3,Aarav,Mukherjee,EE,2027,7.83,53.14,15,True,SCREENING,3.0,2024-04-09
3f1bcfd9,Aditya,Bose,EE,2026,8.2,77.07,14,False,,3.0,2023-12-16
3b5670f9,Meera,Nair,EE,2027,5.76,89.57,9,True,OFFERED,4.0,2022-08-02
ab8d4607,Aditya,Williams,BBA,2026,6.2,85.56,14,False,,3.0,2023-08-19
0338c982,Saanvi,Patel,CSE,2024,5.65,55.74,6,False,,4.0,2023-03-03
50de6943,Alice,Gupta,CE,2025,6.95,50.25,0,False,,3.0,2024-03-21
76ebe9c9,Meera,Sharma,UNKNOWN,2026,6.65,56.28,7,True,INTERVIEW,4.0,2022-04-14
8f277c88,Vivaan,Singh,ME,2025,7.71,56.43,11,True,INTERVIEW,4.0,2024-11-13
8013dbe9,Shaurya,Bose,EE,2026,5.55,98.26,6,True,SCREENING,3.0,2022-05-13
84f48a0b,Ayaan,Patel,BBA,2024,5.81,95.34,5,True,REJECTED,5.0,2022-10-11
c714932a,Sai,Reddy,MBA,2026,7.71,93.14,2,False,,1.0,2023-06-28
caedbf37,Krishna,Gupta,ME,2026,7.77,100.0,3,False,,1.0,2024-02-01
10048363,Ishaan,Singh,CE,2027,8.32,86.9,6,True,INTERVIEW,2.0,2022-10-04
5c8de592,Alice,Patel,EE,2025,9.69,91.79,13,True,OFFERED,4.0,2024-02-16
4fe67289,Shaurya,Johnson,CSE,2026,6.52,76.43,5,True,REJECTED,5.0,2024-08-17
60dea093,Vivaan,Williams,CSE,2026,8.72,80.38,8,False,,3.0,2022-07-13
7cac1ca3,Arjun,Gupta,MBA,2024,7.71,55.23,14,True,INTERVIEW,3.0,2022-07-16
4f4b5413,Aanya,Deshmukh,EE,2025,7.09,72.76,4,False,,1.0,2024-09-08
0af1bc4e,Aarav,Kumar,CSE,2027,8.36,59.42,12,False,,5.0,2022-03-24
83eae6e3,Alice,Joshi,CE,2026,9.98,66.77,13,True,INTERVIEW,2.0,2022-08-29
6bbf1943,John,Bose,ECE,2024,5.92,83.85,12,True,OFFERED,2.0,2023-09-17
3cc67e42,Arjun,Das,BBA,2026,9.09,89.23,11,True,INTERVIEW,2.0,2022-12-25
32304d85,Aaradhya,Johnson,ME,2026,9.15,55.06,12,False,,3.0,2023-06-13
f40dccde,Jane,Rao,BBA,2024,5.58,41.63,8,False,,2.0,2023-04-02
7837f442,John,Patel,BBA,2025,6.91,91.42,11,True,OFFERED,3.0,2024-05-24
05a3697d,Aarav,Mukherjee,BBA,2024,8.05,60.84,6,False,,2.0,2024-03-17
2b940d74,Sai,Smith,CSE,2025,8.04,69.43,7,False,,3.0,2024-06-02
bc68e057,Aarav,Kumar,MBA,2026,7.57,69.74,2,True,APPLIED,3.0,2024-06-18
55fc8a3c,Vivaan,Johnson,ECE,2024,8.78,55.43,12,True,SCREENING,5.0,2023-12-12
e2deaf89,Pari,Reddy,EE,2025,7.32,72.68,4,False,,3.0,2022-11-23
ae101cba,John,Jones,BBA,2024,7.35,49.29,2,True,INTERVIEW,5.0,2023-10-13
ec9a4773,Arjun,Williams,ME,2027,8.14,100.0,9,False,,1.0,2022-01-12
01a4e50f,Nandini,Singh,CSE,2025,7.71,59.61,7,False,,3.0,2023-01-10
53dd0c6c,Ananya,Deshmukh,ME,2024,9.18,59.86,5,True,SCREENING,4.0,2022-12-26
532fb720,Pari,Bose,EE,2024,7.42,70.09,5,False,,1.0,2024-04-17
f88b1d0b,Aadhya,Reddy,CE,2025,8.52,100.0,0,False,,2.0,2023-10-26
55616169,Bob,Patel,EE,2026,8.76,68.14,3,True,SCREENING,5.0,2023-01-06
e65d42a6,Shaurya,Gupta,UNKNOWN,2027,9.31,48.2,9,False,,5.0,2024-02-24
0573860f,John,Mukherjee,BBA,2026,7.59,46.0,11,False,,3.0,2022-01-10
cdf3f30e,Charlie,Johnson,BBA,2024,7.65,77.52,12,True,OFFERED,3.0,2023-10-04
47257cd6,Nandini,Das,ECE,2025,7.1,60.83,8,True,SCREENING,1.0,2024-10-10
4bb05810,Aadhya,Johnson,BBA,2025,9.14,71.97,12,False,,3.0,2023-12-07
4c767635,Aanya,Nair,CE,2024,6.19,84.83,0,True,REJECTED,4.0,2023-01-09
9bed5196,Charlie,Patel,EE,2024,9.55,44.03,12,True,SCREENING,4.0,2024-08-25
6cae4af8,Nandini,Deshmukh,CE,2026,5.73,88.32,10,True,INTERVIEW,3.0,2022-05-17
8754ba1a,Ayaan,Patel,MBA,2027,9.81,46.06,14,False,,3.0,2024-10-30
ccc847aa,Meera,Nair,EE,2024,7.36,50.38,4,False,,3.0,2024-04-17
3ce37021,Ishaan,Nair,ECE,2027,8.95,58.38,13,True,INTERVIEW,3.0,2022-06-23
e37d8ae5,Ananya,Singh,MBA,2025,9.76,56.8,6,False,,4.0,2023-09-19
b2d16980,Aaradhya,Kumar,ECE,2026,8.31,64.7,12,True,INTERVIEW,2.0,2023-05-25
28ab5df7,Ishaan,Bose,ECE,2026,6.32,100.0,13,False,,5.0,2022-06-26
c475859b,Nandini,Deshmukh,BBA,2024,8.96,71.33,10,False,,3.0,2022-11-30
72d702fa,Bob,Singh,ME,2027,6.72,94.34,15,True,INTERVIEW,1.0,2022-11-22
1a9b6977,Aadhya,Jones,MBA,2026,7.13,43.52,12,False,,3.0,2024-08-02
80588bb3,Aditya,Joshi,CSE,2026,5.71,62.4,14,True,SCREENING,2.0,2024-05-08
4b9feb2c,Sai,Mukherjee,MBA,2027,7.12,55.76,1,False,,4.0,2022-04-25
da1dfca9,Arjun,Deshmukh,EE,2026,9.89,47.71,3,False,,2.0,2022-10-06
ac5553cc,John,Williams,CSE,2027,7.71,98.88,9,True,REJECTED,5.0,2024-03-10
7cfe8502,Pari,Das,ECE,2026,9.37,40.86,0,False,,1.0,2023-07-23
c44e84dc,John,Brown,EE,2024,5.88,62.5,10,False,,3.0,2024-09-13
e0079fb8,Vivaan,Kumar,UNKNOWN,2027,5.59,61.61,1,False,,3.0,2022-08-22
0edf880a,Aaradhya,Joshi,ECE,2026,7.95,98.14,2,True,SCREENING,3.0,2024-09-16
eadf18d3,Vihaan,Gupta,CSE,2026,9.77,91.58,9,False,,5.0,2024-07-18
09a49cb3,Alice,Patel,CSE,2027,7.71,49.4,2,False,,3.0,2023-12-13
5e72063f,Bob,Rao,ECE,2026,7.23,88.71,8,True,REJECTED,4.0,2024-09-13
01f6851c,Bob,Bose,ME,2025,9.44,70.27,2,False,,3.0,2024-05-04
1d95e1c9,Sai,Bose,MBA,2026,9.8,40.36,7,False,,3.0,2023-10-11
6dbbd438,Charlie,Nair,CSE,2024,6.93,42.88,12,False,,3.0,2024-07-11
6ab2467c,Vivaan,Mukherjee,EE,2026,6.23,55.08,2,False,,3.0,2022-06-26
95a1300d,Jane,Jones,MBA,2027,7.86,100.0,7,False,,5.0,2022-07-15
3f61633b,Shaurya,Bose,BBA,2027,5.54,71.58,5,False,,3.0,2022-07-31
c233999c,Aarav,Rao,CSE,2024,6.88,45.25,14,True,INTERVIEW,5.0,2022-10-09
fe1aff94,Krishna,Sharma,CE,2026,8.49,53.54,7,True,OFFERED,5.0,2022-08-02
ee87c93c,Aanya,Joshi,EE,2027,9.26,97.73,12,False,,3.0,2024-05-30
dfed3556,Ayaan,Gupta,EE,2025,9.37,96.99,15,False,,1.0,2022-08-13
840f9c57,Sai,Smith,CE,2025,7.09,95.03,9,False,,3.0,2024-06-15
5f5e4ceb,Aaradhya,Smith,ECE,2027,7.93,61.49,0,False,,1.0,2024-12-21
a9e46a26,Shaurya,Rao,ME,2027,5.86,86.74,7,False,,2.0,2023-04-01
3a8d6cd3,Bob,Rao,MBA,2024,7.71,76.04,13,False,,5.0,2023-04-02
f50703d7,Charlie,Singh,EE,2026,5.81,89.28,5,False,,1.0,2024-08-26
f16895de,Aanya,Johnson,CSE,2025,8.13,77.66,14,True,SCREENING,2.0,2024-04-05
1fcdef24,Kashvi,Patel,ME,2026,8.55,54.8,8,False,,3.0,2024-03-26
cddfd956,Diya,Mukherjee,UNKNOWN,2025,8.26,41.28,11,False,,5.0,2022-11-25
fdf580b2,Ayaan,Singh,ECE,2026,5.75,77.48,6,False,,5.0,2023-01-14
605bca8c,Jane,Deshmukh,ME,2026,6.12,53.5,11,False,,4.0,2022-09-24
3a4b377f,Ananya,Brown,EE,2027,6.83,90.82,10,False,,1.0,2024-05-23
ef49a94a,Ayaan,Deshmukh,BBA,2024,9.2,79.09,6,False,,3.0,2023-07-19
e0369f8d,Vivaan,Deshmukh,CE,2024,7.71,91.75,3,True,OFFERED,3.0,2022-06-15
646f38fd,Ananya,Gupta,ME,2026,6.34,48.09,9,True,REJECTED,2.0,2024-09-04
8a8e2528,Bob,Sharma,CSE,2024,8.19,75.56,5,False,,2.0,2023-12-22
9eff8d50,Bob,Nair,CE,2025,9.48,79.33,1,False,,3.0,2023-07-26
ffb9bf0b,Aadhya,Das,ECE,2024,9.98,46.23,13,True,REJECTED,3.0,2023-11-08
6003d3d9,Ayaan,Johnson,CSE,2027,8.93,52.26,12,False,,4.0,2022-05-21
7d163e8a,Aditya,Das,ME,2027,7.25,90.19,7,True,INTERVIEW,3.0,2022-11-09
ca3643bd,Aditya,Nair,ME,2025,8.11,82.57,7,True,REJECTED,4.0,2022-06-18
b10390a8,Arjun,Brown,ME,2025,8.87,78.68,13,False,,3.0,2022-04-21
a38c4698,Aarav,Smith,ME,2024,6.94,69.35,13,True,OFFERED,5.0,2024-02-29
303bfe72,Aanya,Gupta,EE,2027,7.2,99.97,12,True,OFFERED,4.0,2022-09-27
b6e6b284,Jane,Gupta,CSE,2025,8.69,85.65,2,True,SCREENING,3.0,2024-08-19
7105a6c5,Arjun,Deshmukh,ECE,2024,6.94,50.03,11,False,,2.0,2022-03-25
e33b0407,Arjun,Rao,ME,2026,6.4,88.49,5,False,,2.0,2023-10-18
b8ab8215,Shaurya,Das,BBA,2024,7.74,81.12,13,True,REJECTED,5.0,2022-12-18
c2a302df,Ishaan,Rao,CE,2025,7.99,82.24,10,True,SCREENING,3.0,2024-01-22
cefa4e23,Ishaan,Sharma,MBA,2024,5.73,84.56,7,False,,5.0,2023-08-07
ad2f6ff0,Aarav,Brown,EE,2027,7.96,47.84,1,True,INTERVIEW,5.0,2023-12-19
bdb79e3a,Arjun,Gupta,CE,2025,7.03,62.28,13,False,,3.0,2023-01-23
e0eb9569,John,Gupta,CSE,2025,9.99,70.76,4,True,INTERVIEW,3.0,2024-07-22
eca3f084,Kashvi,Bose,BBA,2025,5.71,56.62,12,True,SCREENING,5.0,2022-09-23
f50513b6,Aditya,Brown,CSE,2026,7.97,70.96,10,False,,2.0,2022-10-19
40312d58,Ishaan,Mukherjee,CE,2025,9.8,90.04,5,False,,5.0,2024-11-03
890bb0ce,Krishna,Williams,CE,2024,9.96,52.02,15,False,,3.0,2022-05-22
06013d63,Diya,Gupta,CSE,2027,8.83,90.01,10,True,SCREENING,3.0,2022-08-09
7b4b17e5,Charlie,Bose,UNKNOWN,2025,6.25,88.59,11,True,REJECTED,1.0,2024-04-07
f3d30a5a,Aarav,Bose,CSE,2027,8.08,54.18,10,False,,3.0,2022-05-26
4d252cfe,Aaradhya,Brown,MBA,2025,8.02,51.87,0,True,INTERVIEW,4.0,2024-02-20
0cc3aa0f,Krishna,Patel,BBA,2026,8.18,84.44,3,False,,1.0,2022-12-22
818892c6,Charlie,Kumar,ECE,2024,9.86,65.26,1,True,OFFERED,3.0,2024-07-10
7110bc6f,Arjun,Johnson,MBA,2027,9.41,87.96,9,False,,3.0,2024-06-22
cc334b5d,Sai,Sharma,ME,2027,7.48,82.17,14,True,REJECTED,3.0,2022-01-17
4cdd0899,Sai,Sharma,CSE,2026,6.9,41.69,5,False,,4.0,2022-10-25
dce4ba0e,Arjun,Smith,UNKNOWN,2024,8.52,57.91,1,False,,3.0,2023-12-14
c39662e0,Shaurya,Johnson,CE,2026,7.07,63.14,6,True,APPLIED,5.0,2023-10-17
dea74e67,Meera,Das,CSE,2027,5.54,79.69,4,False,,3.0,2024-03-28
1ebe0540,Ananya,Deshmukh,EE,2025,8.71,80.92,7,False,,5.0,2024-02-19
b8ecd2f2,Charlie,Mukherjee,CSE,2027,6.57,85.11,15,True,OFFERED,5.0,2024-09-23
b32b88c4,Aaradhya,Sharma,EE,2026,7.97,91.16,9,False,,2.0,2023-04-24
a0216401,Ayaan,Gupta,UNKNOWN,2026,5.98,62.59,5,True,SCREENING,2.0,2022-12-21
db96281c,Pari,Joshi,EE,2025,6.03,96.82,10,False,,3.0,2023-11-23
4b2da040,Vivaan,Mukherjee,CSE,2025,7.71,90.65,11,False,,4.0,2024-07-01
b5695f86,Aditya,Sharma,EE,2027,7.71,53.62,1,True,REJECTED,2.0,2023-10-06
dfd95050,Aanya,Kumar,EE,2026,8.91,92.35,13,True,REJECTED,1.0,2022-01-29
998b1ffa,Alice,Singh,ECE,2024,5.59,60.19,4,True,INTERVIEW,3.0,2022-08-25
67962711,Ishaan,Joshi,UNKNOWN,2026,8.01,80.94,2,False,,3.0,2024-09-23
a913ee78,Vihaan,Johnson,MBA,2026,7.71,60.12,3,True,OFFERED,2.0,2024-08-24
befbfa99,Arjun,Joshi,MBA,2025,8.94,80.18,3,True,APPLIED,3.0,2022-05-07
7e708167,Ananya,Patel,CE,2026,5.99,45.35,9,False,,4.0,2024-04-11
56fc0470,Ananya,Brown,EE,2027,5.69,72.93,0,False,,3.0,2023-10-19
67b3dc73,Saanvi,Brown,BBA,2025,9.06,85.78,11,True,APPLIED,1.0,2023-11-10
812ddda2,Aadhya,Rao,EE,2025,8.72,98.79,9,False,,2.0,2022-03-25
aadd621d,Vihaan,Smith,BBA,2024,6.23,90.54,5,False,,2.0,2023-11-01
596d9161,Diya,Sharma,EE,2027,6.34,72.77,0,False,,3.0,2023-03-05
481fade0,Sai,Sharma,UNKNOWN,2026,7.7,48.44,9,True,OFFERED,2.0,2023-05-19
93b03751,Aarav,Jones,ME,2026,7.23,85.45,4,False,,1.0,2022-02-09
73852bc9,Aditya,Johnson,CE,2026,6.64,40.79,5,True,INTERVIEW,5.0,2023-10-31
a2675f5b,Kashvi,Mukherjee,CE,2025,8.68,40.97,5,True,APPLIED,3.0,2022-06-20
caae06c0,Kashvi,Rao,ECE,2026,5.66,72.14,1,True,INTERVIEW,4.0,2022-11-14
4c9326d3,Alice,Sharma,CE,2025,7.8,76.66,10,True,OFFERED,3.0,2023-03-27
53e2948d,Aaradhya,Patel,CE,2026,8.95,87.03,3,True,SCREENING,3.0,2024-01-22
1b1ce4fe,Krishna,Sharma,MBA,2024,7.68,99.96,5,True,INTERVIEW,4.0,2023-07-13
867420d0,John,Joshi,CSE,2026,9.14,63.88,13,False,,5.0,2024-11-23
dde73389,Aarav,Joshi,CE,2025,9.47,73.41,7,True,APPLIED,4.0,2022-07-19
90d92c7e,Bob,Deshmukh,CSE,2025,7.77,79.06,8,True,REJECTED,3.0,2024-08-08
4312b4d0,Ananya,Mukherjee,EE,2027,8.64,47.37,14,True,REJECTED,4.0,2024-06-21
e6634934,Diya,Johnson,BBA,2024,9.42,71.54,3,False,,2.0,2023-08-04
b44da468,Ishaan,Sharma,CSE,2027,6.48,65.89,10,False,,3.0,2024-05-20
3523baee,Vihaan,Patel,MBA,2026,9.8,42.75,0,True,OFFERED,1.0,2024-12-03
d64e8a50,Pari,Mukherjee,CE,2027,5.87,79.86,2,False,,5.0,2023-05-11
b13ad8a9,Aditya,Johnson,ME,2026,6.55,67.94,15,True,SCREENING,3.0,2023-05-05
ed1b4862,Diya,Deshmukh,CSE,2025,8.7,87.59,14,True,OFFERED,3.0,2024-10-01
b76e6f5c,Charlie,Sharma,ECE,2025,6.86,45.11,12,True,OFFERED,3.0,2022-05-26
c87dce51,Diya,Williams,CSE,2026,8.92,58.87,2,True,INTERVIEW,5.0,2024-06-12
e95401e9,Diya,Das,ME,2024,9.64,40.56,13,False,,3.0,2023-05-27
6550a28f,Ishaan,Smith,CE,2027,5.96,49.5,15,True,OFFERED,1.0,2022-12-09
7733e7b9,Aarav,Reddy,BBA,2024,7.29,45.4,9,True,APPLIED,3.0,2024-07-30
16d5fb36,Nandini,Singh,BBA,2026,6.26,84.45,6,False,,4.0,2022-10-26
c935041a,Diya,Das,EE,2026,7.71,99.13,14,False,,4.0,2023-06-03
bc794cad,Pari,Singh,ME,2026,5.79,97.29,4,True,OFFERED,5.0,2024-05-21
7d98c18d,Sai,Reddy,BBA,2024,6.69,85.9,4,True,APPLIED,3.0,2022-02-25
7422b2b3,Aanya,Mukherjee,EE,2027,6.52,56.0,8,True,OFFERED,3.0,2023-11-06
1196ee6a,Saanvi,Williams,ME,2024,5.64,49.21,14,True,APPLIED,2.0,2022-01-20
cfa9f6aa,Saanvi,Brown,CSE,2027,7.71,63.15,3,False,,3.0,2024-07-22
44c307b1,Aditya,Kumar,BBA,2024,7.71,63.99,0,False,,5.0,2024-12-27
b87badec,Pari,Sharma,MBA,2024,8.25,96.8,15,False,,3.0,2022-01-13
c14df71b,Vihaan,Kumar,EE,2027,8.13,54.38,0,True,REJECTED,4.0,2022-03-28
c29d2e57,Krishna,Singh,BBA,2025,7.85,98.21,14,False,,5.0,2024-12-29
4c3d29fd,Alice,Patel,ME,2024,9.48,85.23,4,False,,3.0,2024-03-07
5f9b3356,John,Gupta,EE,2025,7.07,94.35,0,True,APPLIED,3.0,2022-12-19
de93c112,Nandini,Sharma,CSE,2024,9.19,85.36,13,True,OFFERED,2.0,2023-02-17
750a3da7,Vivaan,Deshmukh,ECE,2025,6.34,81.56,4,False,,4.0,2023-05-01
47d98055,Diya,Nair,EE,2024,9.78,99.32,1,True,INTERVIEW,4.0,2024-03-12
e4cefdff,Aaradhya,Kumar,MBA,2026,5.89,57.58,11,False,,3.0,2022-05-30
b15361a4,Charlie,Bose,BBA,2025,6.43,46.29,12,True,SCREENING,1.0,2022-11-30
1b01e0f5,Ananya,Patel,MBA,2025,8.31,62.15,0,False,,3.0,2024-04-14
09de9063,Aarav,Johnson,MBA,2024,8.68,67.76,3,True,OFFERED,3.0,2023-11-08
76038781,Kashvi,Gupta,BBA,2026,8.04,72.09,14,True,INTERVIEW,3.0,2024-09-12
e97b86d5,Diya,Mukherjee,BBA,2026,9.52,69.16,3,False,,2.0,2024-12-12
279c6848,Shaurya,Smith,ECE,2024,6.28,65.53,5,False,,2.0,2024-06-19
6df6cdb9,Ishaan,Johnson,BBA,2026,7.46,73.5,10,True,APPLIED,1.0,2024-12-07
aa7684cf,Aaradhya,Singh,MBA,2024,8.41,95.82,15,True,APPLIED,5.0,2024-03-04
8fb0fd80,Sai,Jones,EE,2027,7.17,42.05,10,True,SCREENING,3.0,2023-03-07
7cf864c1,Bob,Smith,EE,2027,9.72,40.69,10,True,APPLIED,4.0,2023-07-24
ee1a073c,Aadhya,Bose,MBA,2027,8.61,63.69,2,False,,1.0,2024-02-12
455e3b13,Sai,Gupta,EE,2027,8.41,95.4,11,False,,1.0,2022-03-13
fb09667a,Diya,Gupta,ECE,2027,5.89,71.32,15,False,,4.0,2023-06-24
fd4fd869,Aadhya,Johnson,CSE,2027,8.28,58.36,11,False,,1.0,2024-12-21
2bb7137f,Pari,Reddy,BBA,2026,9.37,45.52,2,True,INTERVIEW,3.0,2024-10-27
37fc947e,Kashvi,Gupta,ECE,2025,5.83,92.04,0,False,,1.0,2022-04-12
2e195b10,Diya,Nair,CSE,2027,9.73,93.99,12,True,REJECTED,1.0,2023-10-01
3a994337,Aaradhya,Smith,MBA,2024,8.55,60.64,1,False,,1.0,2024-06-14
45174475,Saanvi,Gupta,CE,2027,7.6,73.96,12,False,,2.0,2022-01-11
e932aef2,Saanvi,Gupta,ECE,2024,7.58,65.49,13,False,,3.0,2022-12-26
46379beb,Pari,Brown,EE,2026,8.13,70.86,7,False,,5.0,2023-11-05
e94a9a2b,Sai,Brown,MBA,2025,7.63,76.6,9,False,,2.0,2022-02-11
e5bfdf4e,Alice,Rao,MBA,2026,7.81,59.26,15,False,,3.0,2022-11-05
dc7b4e9c,Meera,Johnson,CE,2027,7.48,76.74,10,True,OFFERED,3.0,2023-05-25
d00ba97f,Jane,Mukherjee,ECE,2027,8.61,40.71,8,False,,2.0,2024-11-11
617e0b88,Jane,Gupta,MBA,2027,6.24,73.5,3,False,,3.0,2023-12-13
7e6f7da2,Aarav,Mukherjee,ME,2024,5.56,74.52,13,False,,1.0,2022-11-19
3694621b,Jane,Joshi,CE,2026,7.0,53.88,11,False,,3.0,2023-08-22
a24063c6,Alice,Patel,CE,2025,7.84,66.18,5,True,OFFERED,1.0,2022-08-05
8d27e047,Nandini,Rao,ME,2025,8.32,44.23,4,True,REJECTED,4.0,2024-11-20
e41bcf8d,Nandini,Deshmukh,MBA,2026,7.54,69.95,1,True,REJECTED,4.0,2024-11-22
3da1f5de,Saanvi,Reddy,EE,2027,9.5,48.21,3,False,,3.0,2022-02-10
96c7fe5b,Aditya,Smith,CSE,2025,5.57,68.25,15,True,INTERVIEW,5.0,2023-02-03
1c3cba39,Ananya,Das,CSE,2027,7.44,73.27,5,False,,5.0,2023-07-03
da17bf36,Vivaan,Sharma,BBA,2025,9.91,63.77,2,True,REJECTED,3.0,2024-07-28
effb30a2,Krishna,Deshmukh,CE,2027,6.46,54.15,0,False,,4.0,2024-06-13
130b69f2,Aaradhya,Gupta,ECE,2024,8.19,42.49,13,False,,3.0,2023-09-16
66f40c4c,Aditya,Gupta,ME,2027,6.36,96.49,0,True,REJECTED,4.0,2024-04-29
c6c7d657,Alice,Rao,EE,2026,7.71,53.58,14,False,,3.0,2024-11-22
4d922578,Jane,Rao,ECE,2027,9.21,49.88,15,False,,3.0,2024-01-09
4285d62a,Aaradhya,Williams,BBA,2027,6.26,97.66,15,False,,4.0,2024-12-03
6f7f8944,Vivaan,Jones,BBA,2025,6.66,71.07,1,True,OFFERED,5.0,2023-09-05
d7c8cb42,Krishna,Rao,BBA,2025,8.7,68.82,6,False,,4.0,2023-03-20
ec0099e3,Ananya,Rao,ECE,2027,6.56,74.32,1,False,,3.0,2023-12-28
e2b12cd3,Kashvi,Joshi,UNKNOWN,2025,9.16,87.6,10,True,OFFERED,3.0,2023-02-23
4e4df1fd,Vihaan,Bose,MBA,2025,6.89,74.56,7,False,,5.0,2024-12-05
ed82477d,Meera,Rao,BBA,2026,7.81,96.5,12,True,SCREENING,1.0,2023-06-22
49934926,Ananya,Sharma,EE,2024,8.93,84.76,3,False,,3.0,2024-07-27
adffc0cd,Ayaan,Bose,BBA,2026,9.29,97.1,10,True,SCREENING,4.0,2022-04-23
e3c4376e,Shaurya,Deshmukh,EE,2027,6.22,47.9,4,False,,4.0,2023-08-02
657da943,Jane,Reddy,ECE,2024,7.19,76.61,8,False,,3.0,2024-07-24
6c513d33,Nandini,Mukherjee,BBA,2025,8.22,55.88,12,True,SCREENING,3.0,2023-12-20
4ef76a0d,Sai,Kumar,CE,2025,7.56,82.47,9,True,REJECTED,3.0,2024-03-03
e7ee5497,Kashvi,Smith,EE,2027,7.78,60.21,0,True,INTERVIEW,2.0,2023-07-14
da94ce2f,Vivaan,Reddy,MBA,2027,7.49,41.76,12,False,,3.0,2022-01-01
6300861c,Shaurya,Patel,MBA,2024,7.89,64.85,12,False,,4.0,2023-04-05
1cc937f6,Ayaan,Kumar,ECE,2025,5.83,52.69,0,True,REJECTED,2.0,2024-04-09
7324d123,Arjun,Mukherjee,EE,2027,7.65,50.23,1,False,,3.0,2022-08-21
fcee9c99,Sai,Reddy,MBA,2026,6.45,67.91,9,False,,2.0,2022-08-22
51ba242a,John,Patel,MBA,2027,7.25,70.97,0,False,,5.0,2023-02-28
120a9114,Meera,Joshi,EE,2024,5.98,75.55,7,False,,5.0,2022-01-02
ccddb6a2,Aaradhya,Johnson,BBA,2025,7.8,66.02,1,True,INTERVIEW,1.0,2022-09-09
89b5f77e,Vivaan,Nair,CSE,2025,7.17,67.13,11,True,INTERVIEW,4.0,2022-08-15
f90630b8,Vivaan,Kumar,ECE,2026,7.71,64.19,8,True,REJECTED,2.0,2024-04-26
181ffd37,Saanvi,Das,EE,2026,9.71,99.02,14,True,INTERVIEW,5.0,2023-05-24
95fbaf52,Kashvi,Sharma,BBA,2026,6.57,76.58,6,False,,2.0,2022-03-28
13b18d89,Krishna,Sharma,ECE,2024,8.93,53.96,6,False,,5.0,2024-11-20
992468d9,Meera,Mukherjee,ECE,2027,7.77,72.82,7,False,,1.0,2024-04-04
2459eb84,Vihaan,Smith,ECE,2024,6.33,73.21,2,True,APPLIED,1.0,2023-02-26
7ec6c90d,Alice,Reddy,ME,2026,5.65,94.47,14,True,APPLIED,2.0,2024-01-17
aa2a998e,Vihaan,Smith,ME,2024,8.64,86.22,7,False,,1.0,2024-03-06
9981cedf,Meera,Bose,EE,2025,8.47,82.93,0,True,INTERVIEW,2.0,2024-11-22
fc4b9366,Aanya,Johnson,ECE,2025,7.31,94.32,0,False,,3.0,2024-12-18
ef494e63,Charlie,Smith,ME,2024,9.71,40.16,1,False,,1.0,2024-03-07
e82045f5,Diya,Smith,ECE,2025,7.82,81.33,4,False,,2.0,2022-03-29
f42b26c2,Ananya,Gupta,ME,2026,7.56,57.6,14,False,,3.0,2022-02-25
930a119a,Aaradhya,Jones,EE,2024,9.35,56.33,12,True,INTERVIEW,2.0,2022-06-06
fd88e19c,Aarav,Bose,EE,2024,7.6,54.09,8,True,SCREENING,1.0,2023-09-15
a296e1f3,Aditya,Bose,CSE,2025,7.48,65.67,8,True,APPLIED,1.0,2022-05-22
437654f6,Ishaan,Smith,ME,2027,8.96,61.38,6,True,OFFERED,3.0,2024-10-18
fdd09c55,Alice,Johnson,CSE,2025,7.71,79.51,6,False,,3.0,2023-08-12
b1199e89,Sai,Das,CE,2024,7.53,72.86,15,True,REJECTED,5.0,2024-04-13
4908b482,John,Rao,ECE,2026,9.73,72.67,13,True,OFFERED,3.0,2024-08-02
86cfad2a,Vivaan,Bose,EE,2027,7.0,68.77,6,True,OFFERED,2.0,2022-09-10
802f668a,Vihaan,Bose,BBA,2027,8.0,82.57,2,False,,5.0,2023-02-13
59174583,Krishna,Kumar,CE,2024,9.43,58.6,15,True,SCREENING,5.0,2022-07-31
0eb6322c,Shaurya,Gupta,BBA,2027,7.22,94.05,6,True,SCREENING,3.0,2022-04-09
6f3c95a9,Kashvi,Gupta,ECE,2027,5.91,98.76,4,True,APPLIED,3.0,2024-08-12
9faa3cef,Pari,Smith,CSE,2025,8.54,41.0,10,True,APPLIED,3.0,2024-10-28
e7d5cb23,Aarav,Jones,BBA,2026,6.26,99.89,9,True,REJECTED,3.0,2024-05-10
84d04c37,Aarav,Gupta,BBA,2027,6.71,91.64,10,False,,3.0,2022-11-19
d5be8d7f,Jane,Reddy,ECE,2026,6.16,50.67,12,False,,2.0,2023-12-21
c0991cd9,Saanvi,Brown,EE,2027,7.04,52.93,0,True,APPLIED,2.0,2024-05-13
0878e968,Nandini,Jones,BBA,2026,9.61,96.68,8,True,SCREENING,3.0,2023-02-07
b7eb9573,John,Mukherjee,ME,2026,7.71,96.11,14,False,,5.0,2022-02-08
e09b47f8,Krishna,Jones,BBA,2025,8.74,73.36,3,False,,4.0,2024-08-23
4125d24d,Aadhya,Bose,EE,2026,9.3,96.73,11,True,APPLIED,2.0,2024-07-30
f1565e54,Aadhya,Johnson,ECE,2025,9.27,95.86,13,False,,2.0,2023-10-15
f49ea064,Meera,Bose,UNKNOWN,2026,8.08,49.52,8,True,REJECTED,3.0,2024-06-23
cb6a9533,Arjun,Joshi,CSE,2026,6.63,48.22,2,False,,3.0,2023-03-07
91099d63,Kashvi,Smith,CE,2025,8.43,48.3,5,False,,1.0,2022-01-03
bc8e12a6,Aanya,Singh,ECE,2026,7.31,94.31,10,False,,4.0,2022-05-30
bacca2a9,Bob,Das,EE,2024,6.87,42.8,8,False,,3.0,2022-12-30
770213de,Arjun,Kumar,EE,2026,7.78,72.33,8,False,,1.0,2023-01-24
79f832dd,Ishaan,Reddy,BBA,2024,8.7,57.21,2,True,APPLIED,3.0,2024-12-08
ff9e7d5f,Diya,Brown,ECE,2025,8.65,85.0,5,True,APPLIED,3.0,2023-12-15
0ed21a25,Ayaan,Joshi,ME,2024,8.7,63.27,12,True,INTERVIEW,1.0,2024-09-20
792f44c5,Aadhya,Deshmukh,CE,2025,6.43,97.73,2,True,OFFERED,1.0,2024-01-05
e78796a2,Ayaan,Mukherjee,BBA,2024,7.71,90.62,5,False,,3.0,2024-09-18
b9ff6ee0,Krishna,Bose,CE,2024,8.68,76.16,12,True,APPLIED,5.0,2023-01-16
bc0220d2,Alice,Jones,UNKNOWN,2027,8.49,85.27,9,True,REJECTED,4.0,2023-12-11
56f93d01,Jane,Deshmukh,CE,2027,8.03,70.1,6,False,,3.0,2022-08-24
7d257f30,Shaurya,Brown,EE,2024,7.39,95.49,0,True,APPLIED,3.0,2022-04-16
279802ca,Saanvi,Rao,CE,2025,8.88,98.64,12,True,INTERVIEW,3.0,2023-05-11
61dcc524,Aaradhya,Patel,EE,2025,5.9,45.5,9,False,,3.0,2023-05-28
491a12bc,John,Sharma,ME,2026,8.53,85.14,9,False,,5.0,2022-11-08
639ad340,Vivaan,Mukherjee,BBA,2026,6.99,94.1,3,False,,3.0,2023-11-27
1216e1d2,Shaurya,Patel,BBA,2024,9.53,92.16,11,True,REJECTED,3.0,2022-11-20
c6aaaa0f,Alice,Williams,CE,2026,6.97,56.25,6,True,OFFERED,5.0,2024-09-04
eb2bffae,Arjun,Smith,CSE,2024,5.72,73.77,6,False,,3.0,2024-05-11
e852b163,Diya,Kumar,ME,2024,8.78,75.81,12,True,INTERVIEW,4.0,2023-04-09
4b227dc4,Ishaan,Sharma,CSE,2025,7.42,49.83,13,True,OFFERED,3.0,2024-04-26
a0340b3d,Ayaan,Gupta,BBA,2026,5.84,79.02,0,False,,3.0,2023-09-05
6375a138,Ishaan,Brown,CSE,2027,8.93,44.41,5,False,,5.0,2022-01-30
bfba61ff,Aadhya,Joshi,ME,2024,7.1,98.19,7,False,,4.0,2024-11-07
f70ac28d,Bob,Patel,ME,2026,9.59,51.41,11,True,REJECTED,3.0,2024-12-20
0caccc00,Bob,Jones,ECE,2026,5.68,47.27,14,False,,5.0,2024-01-26
f4317e1f,Aditya,Reddy,MBA,2025,8.96,56.38,2,True,OFFERED,4.0,2024-10-02
c593c43d,Jane,Deshmukh,ME,2024,9.59,67.45,5,True,SCREENING,5.0,2022-02-05
9863d1a6,Krishna,Das,ME,2026,7.53,84.45,2,False,,5.0,2023-09-12
d1be82a6,Jane,Joshi,ECE,2025,8.17,77.91,10,False,,3.0,2022-04-20
5f4af979,Aanya,Reddy,CSE,2024,9.97,71.56,8,False,,3.0,2023-09-08
9eda9ab1,Nandini,Bose,CSE,2025,6.61,85.57,0,False,,4.0,2023-10-20
487386d8,Ishaan,Mukherjee,ME,2026,8.4,95.65,11,True,REJECTED,5.0,2022-10-20
7cb9a4d0,Vivaan,Singh,ME,2024,5.96,71.94,3,False,,1.0,2023-09-26
127b65e5,John,Smith,CSE,2027,7.71,100.0,0,True,OFFERED,5.0,2024-09-17
81e85e41,Jane,Joshi,CSE,2027,6.54,83.88,12,True,SCREENING,3.0,2024-09-11
601e446a,Aaradhya,Kumar,MBA,2025,6.23,82.51,13,False,,5.0,2023-09-12
796fe620,Saanvi,Williams,CSE,2027,9.99,47.93,12,False,,2.0,2023-09-12
3788f32b,Aarav,Mukherjee,BBA,2026,5.5,54.1,11,False,,5.0,2022-03-13
f42e8c65,Ishaan,Williams,ME,2026,9.07,76.18,15,True,SCREENING,2.0,2022-12-21
c5dc2697,Ayaan,Williams,CSE,2027,9.7,55.55,11,False,,5.0,2023-05-08
b0b3aec3,Kashvi,Sharma,CSE,2026,9.36,86.89,7,False,,3.0,2023-07-14
d21229fe,Charlie,Williams,ME,2027,6.47,83.59,8,True,INTERVIEW,5.0,2023-07-29
491f3839,Ishaan,Brown,CE,2027,8.43,89.47,7,True,APPLIED,2.0,2022-10-20
5dfd76ed,Jane,Reddy,BBA,2025,7.71,62.75,2,True,REJECTED,2.0,2024-06-26
8c1a4f2c,Ananya,Reddy,MBA,2026,7.71,41.78,7,False,,5.0,2022-06-13
8e773809,Aarav,Brown,EE,2025,7.69,69.29,4,False,,3.0,2023-11-12
776e5065,Diya,Singh,EE,2025,8.42,54.01,14,True,OFFERED,5.0,2024-11-13
c5035c53,Vivaan,Sharma,MBA,2024,9.6,65.14,3,False,,1.0,2022-08-04
1f3f1411,Ishaan,Jones,CSE,2027,9.31,98.91,10,True,APPLIED,3.0,2024-04-02
fc8c0920,Aarav,Deshmukh,CE,2027,9.97,61.02,15,False,,1.0,2024-08-03
caeace6b,Vivaan,Johnson,UNKNOWN,2025,6.22,100.0,1,False,,4.0,2024-09-15
a7e53797,Ishaan,Williams,CE,2024,5.82,54.45,4,False,,4.0,2022-12-04
c3c7c72e,Diya,Bose,MBA,2027,7.71,95.86,6,False,,2.0,2022-04-30
73cab75a,Ananya,Joshi,MBA,2027,7.05,94.53,13,True,OFFERED,3.0,2023-06-10
f7fa95de,Vihaan,Sharma,ME,2024,8.5,64.4,15,False,,3.0,2023-02-21
2a916d44,Nandini,Bose,BBA,2024,7.0,70.9,2,True,APPLIED,2.0,2022-11-17
75646f9f,Shaurya,Kumar,MBA,2026,5.52,92.76,7,False,,4.0,2024-06-30
6ce0a474,Meera,Nair,CE,2025,9.25,100.0,4,False,,3.0,2022-03-18
ad5c0b15,Ishaan,Patel,ECE,2025,5.66,48.79,5,True,OFFERED,3.0,2024-09-30
b0d489f2,Aditya,Smith,MBA,2027,7.42,62.29,8,True,INTERVIEW,5.0,2024-12-18
e09210a0,Bob,Joshi,ME,2026,6.98,57.42,2,False,,4.0,2023-11-27
84830b2a,Vivaan,Reddy,MBA,2026,7.05,58.61,2,True,APPLIED,2.0,2023-01-24
1af88cd4,Jane,Mukherjee,MBA,2025,9.42,72.04,1,True,REJECTED,3.0,2023-06-04
8d3edc9f,Sai,Jones,EE,2024,7.34,97.21,10,True,INTERVIEW,1.0,2022-01-19
e603e2d5,John,Mukherjee,BBA,2025,5.85,69.69,3,True,SCREENING,1.0,2022-12-07
f72c73f6,Aadhya,Singh,CSE,2027,7.71,57.99,9,True,OFFERED,2.0,2023-06-19
591170a7,Aanya,Deshmukh,MBA,2024,8.19,99.4,9,True,SCREENING,3.0,2024-12-22
e36e1eb6,Vivaan,Brown,CE,2025,7.25,89.33,12,False,,3.0,2024-11-25
d41b910a,Aditya,Nair,BBA,2025,5.74,92.76,4,False,,3.0,2024-11-23
3717002a,Krishna,Williams,ME,2024,7.71,68.14,7,False,,5.0,2023-10-01
e6970429,Aadhya,Bose,ECE,2025,9.36,84.82,0,True,SCREENING,3.0,2024-05-23
576b19f6,Ayaan,Sharma,CSE,2024,7.74,63.12,12,False,,5.0,2022-09-19
c4747e1f,Aarav,Joshi,CE,2025,8.08,95.14,9,False,,5.0,2022-11-04
a4aaf6a7,Nandini,Das,ME,2025,7.48,99.89,12,False,,3.0,2023-05-19
4cd8a9d0,Aadhya,Kumar,BBA,2027,6.07,55.9,1,False,,3.0,2024-06-24
3000c49b,Aditya,Smith,CE,2024,6.12,49.42,13,False,,4.0,2022-11-14
a4409192,Pari,Joshi,CSE,2024,7.42,71.82,1,False,,1.0,2024-08-27
9a24145b,Kashvi,Nair,BBA,2027,7.71,62.11,6,True,SCREENING,3.0,2024-07-08
2b141501,Meera,Kumar,MBA,2026,6.21,91.22,7,True,OFFERED,2.0,2023-10-17
2dea1dbf,Aanya,Kumar,MBA,2026,9.15,89.61,15,True,REJECTED,1.0,2023-11-14
6c7ffe4c,Charlie,Kumar,EE,2024,6.37,51.0,1,True,REJECTED,1.0,2024-11-13
58a8dc53,Aanya,Rao,CE,2024,8.41,87.65,8,True,INTERVIEW,3.0,2024-07-19
614dcc21,Jane,Bose,BBA,2026,9.26,94.16,2,True,INTERVIEW,1.0,2023-04-08
2a4afa49,Aadhya,Brown,CE,2027,7.22,61.92,1,True,APPLIED,3.0,2024-07-14
d72731b1,Aditya,Reddy,ME,2027,9.18,87.77,4,True,APPLIED,2.0,2024-01-11
74f9340e,Aadhya,Nair,EE,2026,6.75,66.36,12,True,OFFERED,3.0,2022-09-08
7e8ff5be,Saanvi,Sharma,CSE,2024,9.61,59.23,11,False,,2.0,2023-01-17
18bcf923,Aaradhya,Smith,MBA,2025,6.09,67.69,8,True,SCREENING,3.0,2022-02-15
2b7f6f53,Arjun,Deshmukh,CSE,2025,7.71,59.06,13,False,,1.0,2024-10-18
219f532d,Kashvi,Bose,ECE,2027,6.93,95.25,13,True,INTERVIEW,3.0,2022-10-28
9cc7f20a,Kashvi,Smith,CE,2025,9.23,49.68,14,True,INTERVIEW,1.0,2022-04-16
86dfddab,Sai,Nair,CSE,2024,8.26,50.57,7,True,INTERVIEW,1.0,2023-01-09
60c9bd49,Aditya,Singh,ECE,2024,9.9,42.75,0,True,OFFERED,4.0,2022-10-28
31c7c910,Meera,Sharma,EE,2027,7.92,76.75,7,False,,4.0,2022-10-12
c97b98da,John,Johnson,CSE,2024,8.19,81.97,6,False,,2.0,2022-10-18
9c53db30,Aaradhya,Sharma,EE,2026,7.14,100.0,11,False,,5.0,2022-02-05
28e2d5bc,Kashvi,Johnson,CSE,2026,6.88,88.78,5,True,REJECTED,3.0,2023-09-29
f53d9f0e,Ayaan,Kumar,ECE,2025,7.53,55.74,1,True,APPLIED,3.0,2024-04-28
08136048,Vivaan,Gupta,CSE,2027,7.76,48.1,2,True,OFFERED,3.0,2023-06-17
c0495580,Pari,Rao,EE,2026,8.18,91.23,6,False,,3.0,2022-10-31
dc1d92f5,Jane,Bose,ME,2025,9.29,96.71,10,False,,4.0,2024-11-16
1fa93c0d,Jane,Williams,ECE,2026,8.41,46.82,1,False,,5.0,2022-03-12
e456cf37,Pari,Reddy,ME,2025,8.3,80.04,14,True,APPLIED,2.0,2022-08-05
02652b0e,John,Williams,CSE,2025,9.82,89.88,7,False,,4.0,2024-08-01
a91d61b1,Sai,Williams,ME,2024,8.0,82.58,11,True,SCREENING,3.0,2023-01-29
d4cb8810,Kashvi,Deshmukh,CE,2026,7.41,54.69,14,False,,5.0,2024-07-27
b3dac525,Nandini,Williams,MBA,2027,9.98,97.06,13,False,,2.0,2024-04-13
5d119a88,Jane,Johnson,ECE,2027,5.96,62.17,8,True,APPLIED,5.0,2022-10-06
7cfbad0c,Ananya,Mukherjee,ECE,2027,8.48,53.2,5,True,SCREENING,2.0,2023-11-03
5cdc8fab,Bob,Kumar,EE,2025,7.71,99.23,0,True,REJECTED,3.0,2023-10-17
c2c3efbe,Ananya,Brown,EE,2024,6.7,78.84,4,False,,3.0,2024-07-14
094b77db,Sai,Nair,CE,2026,7.95,90.66,14,True,INTERVIEW,1.0,2024-12-27
ed5fbc90,Alice,Johnson,ECE,2024,8.44,91.69,1,False,,4.0,2024-03-16
f5c80a6f,Charlie,Rao,ME,2025,8.11,81.76,3,True,APPLIED,4.0,2023-10-24
87d03c87,Saanvi,Patel,ME,2027,9.75,97.41,12,False,,5.0,2024-05-10
3c5391ad,Arjun,Nair,CE,2024,7.22,52.39,9,False,,2.0,2023-04-30
c75ec87c,Arjun,Williams,EE,2025,8.44,71.3,3,False,,1.0,2023-09-30
0d4f15c0,Aanya,Joshi,CSE,2027,5.76,82.41,8,False,,4.0,2024-12-27
ffc3a89d,Shaurya,Jones,BBA,2026,5.98,81.57,2,False,,5.0,2024-06-20
a8785529,Jane,Bose,CE,2027,7.71,96.37,2,False,,2.0,2024-12-31
eae3dc2d,Diya,Williams,ECE,2026,8.53,47.12,3,True,SCREENING,2.0,2023-09-18
4dbe1cc4,Charlie,Patel,CSE,2026,7.83,57.1,11,False,,2.0,2023-12-17
5aff4635,Aanya,Jones,CE,2024,9.2,79.38,1,True,INTERVIEW,3.0,2022-02-05
0f8afc6f,Aaradhya,Reddy,MBA,2026,8.33,62.7,4,False,,4.0,2022-05-01
54567e08,Krishna,Singh,MBA,2026,7.59,45.66,10,False,,4.0,2023-09-18
323d2072,Ananya,Smith,CSE,2025,8.69,85.44,15,False,,5.0,2022-08-15
05c16f6a,Aadhya,Rao,CSE,2027,8.62,47.19,12,False,,5.0,2024-03-12
7e571359,Bob,Smith,ECE,2027,7.02,77.06,2,True,OFFERED,2.0,2024-06-20
02a6f6bc,Krishna,Das,CSE,2026,6.8,49.9,0,True,OFFERED,2.0,2024-01-11
9e1dfc05,Nandini,Brown,EE,2024,7.43,46.11,5,False,,1.0,2023-05-27
81efd0d3,Kashvi,Jones,ECE,2024,8.76,54.88,2,True,REJECTED,3.0,2024-04-30
80ac3b75,Kashvi,Das,CSE,2025,5.93,88.19,4,True,APPLIED,5.0,2023-12-18
6a390e2f,Vihaan,Williams,BBA,2024,6.73,98.6,12,True,REJECTED,3.0,2022-04-29
0d6e8a7f,Ayaan,Patel,CE,2025,8.93,44.3,7,False,,4.0,2022-12-31
93e66204,Alice,Patel,MBA,2024,7.31,87.39,14,True,OFFERED,5.0,2024-06-18
b3f6946f,Jane,Patel,CSE,2024,7.54,77.44,13,False,,4.0,2022-02-07
300dc402,Krishna,Bose,BBA,2025,9.76,94.72,2,False,,3.0,2023-03-20
4f3511e8,Aditya,Nair,UNKNOWN,2026,6.02,72.05,14,False,,3.0,2022-03-04
15c528b9,Jane,Patel,EE,2026,9.91,81.87,2,True,APPLIED,3.0,2024-11-11
b3965df3,John,Gupta,ECE,2027,6.37,61.13,13,True,OFFERED,1.0,2024-10-13
18ec51d1,Kashvi,Sharma,ECE,2024,9.85,93.96,11,True,OFFERED,2.0,2023-05-15
8bb440a6,Saanvi,Patel,CSE,2025,7.71,96.87,1,True,SCREENING,3.0,2023-10-26
ffac2e51,Vihaan,Williams,BBA,2024,7.18,75.54,7,True,INTERVIEW,2.0,2022-10-04
900770a8,Charlie,Sharma,ME,2025,9.95,60.97,11,True,APPLIED,5.0,2024-02-29
37df42ec,Sai,Jones,ME,2024,9.08,55.32,4,False,,4.0,2024-07-03
06153949,Sai,Patel,CE,2025,6.66,55.52,13,True,INTERVIEW,5.0,2023-08-20
b0d2e1f3,Kashvi,Patel,BBA,2024,5.98,40.5,13,False,,2.0,2023-09-14
4bd8aea6,Bob,Deshmukh,CSE,2027,8.72,74.56,8,False,,3.0,2024-06-09
f366dd53,Shaurya,Joshi,MBA,2024,6.47,98.41,7,False,,5.0,2022-08-12
afc40b32,Arjun,Joshi,CSE,2024,7.24,81.03,8,True,APPLIED,3.0,2024-03-28
4cd05cea,Charlie,Brown,ME,2024,8.1,68.29,10,False,,1.0,2023-06-11
4dcf6d09,Aanya,Patel,CE,2027,9.07,93.0,10,False,,5.0,2024-08-06
2629dedf,Ishaan,Rao,ME,2024,9.15,44.0,8,False,,1.0,2023-02-02
0b0d89e0,Aaradhya,Bose,EE,2026,5.71,84.33,3,False,,5.0,2023-11-27
e50c86ff,Aaradhya,Das,ME,2025,8.57,54.09,2,True,REJECTED,1.0,2024-11-15
cf5e731d,Ananya,Smith,ME,2027,8.14,64.26,4,False,,2.0,2023-04-10
5574511f,Kashvi,Smith,MBA,2025,6.64,46.03,2,False,,4.0,2023-11-11
1f07dc52,Arjun,Das,EE,2024,7.43,48.65,2,True,REJECTED,5.0,2024-06-25
e2c04259,Charlie,Johnson,BBA,2027,7.46,83.17,9,True,SCREENING,3.0,2024-04-29
972621e6,Aaradhya,Johnson,CE,2027,8.57,71.22,7,True,APPLIED,3.0,2023-11-14
44639e24,John,Bose,MBA,2027,8.65,75.36,2,True,APPLIED,3.0,2022-07-02
b7fcf6a6,Pari,Patel,CSE,2024,8.88,100.0,9,False,,3.0,2023-12-29
e004e6bf,Ananya,Bose,ME,2025,6.47,55.93,5,False,,3.0,2022-12-16
0355bc0f,Diya,Bose,CE,2027,5.7,84.21,13,True,SCREENING,5.0,2022-08-15
c310b8fe,Jane,Williams,ME,2026,9.12,51.56,4,False,,4.0,2023-06-05
dda58963,Krishna,Bose,BBA,2024,9.89,64.31,1,False,,2.0,2023-05-03
bb2bf478,Pari,Mukherjee,EE,2025,7.19,95.93,13,False,,3.0,2022-08-10
2c17ac59,Saanvi,Patel,EE,2024,8.33,87.28,12,True,SCREENING,2.0,2023-11-25
cdeb42ab,Ayaan,Sharma,CSE,2027,6.93,74.77,2,True,REJECTED,2.0,2022-01-19
572c3f6f,John,Rao,ECE,2026,8.69,41.01,3,False,,2.0,2024-02-24
0a6dca75,Pari,Joshi,ECE,2024,9.25,81.12,7,False,,5.0,2024-06-11
9d9b7caf,Shaurya,Das,BBA,2025,8.44,68.04,10,True,APPLIED,2.0,2023-07-19
e0916839,Ayaan,Jones,CSE,2027,9.89,58.1,12,True,OFFERED,1.0,2023-02-25
57f392e1,Bob,Reddy,BBA,2025,6.51,87.13,1,True,OFFERED,4.0,2022-08-31
2cec496d,Pari,Jones,MBA,2026,7.88,69.78,12,True,SCREENING,5.0,2022-05-31
d220f01b,John,Kumar,CSE,2026,6.97,98.47,6,True,OFFERED,3.0,2023-06-04
d753b95a,Saanvi,Bose,BBA,2025,5.91,95.86,12,True,OFFERED,2.0,2023-05-21
dfb596ba,Aanya,Williams,CE,2026,8.68,56.7,13,True,SCREENING,2.0,2024-12-17
ad3711fc,Saanvi,Williams,ME,2026,5.6,73.23,14,False,,1.0,2023-07-11
a67db083,Saanvi,Sharma,EE,2027,6.41,95.59,7,False,,5.0,2022-04-08
