RegistrationID,StudentID,Department,ClubName,EventName,RegistrationDate,AttendanceStatus,FeedbackRating
REG-DC9137,STU-7854,UNKNOWN,Sports Club,Hackathon 2024,2024-03-23,PRESENT,2.0
REG-C77CCA,STU-8208,CSE,Cultural Committee,Guest Lecture,2024-05-05,ABSENT,1.0
REG-4FA3E0,STU-1573,CE,Literature Society,Tech Symposium,2023-08-14,PRESENT,3.0
REG-AD3A3D,STU-8946,CSE,Sports Club,Hackathon 2024,2023-04-18,LATE,4.0
REG-F631E8,STU-6376,ECE,Coding Club,Guest Lecture,2024-10-07,LATE,1.0
REG-B5619E,STU-7605,CE,Literature Society,Annual Sports Meet,2023-08-11,ABSENT,3.0
REG-EEACF3,STU-7022,UNKNOWN,Sports Club,RoboWars,2024-12-15,LATE,3.0
REG-5870BB,STU-1715,UNKNOWN,Robotics Society,Tech Symposium,2023-09-11,PRESENT,3.0
REG-CA5047,STU-1355,CSE,Sports Club,RoboWars,2023-10-30,LATE,3.0
REG-4F9AD2,STU-6673,ECE,Literature Society,Cultural Fest,2023-09-20,ABSENT,3.0
REG-55B200,STU-3589,MBA,Coding Club,Cultural Fest,2023-07-12,ABSENT,1.0
REG-9A443B,STU-2248,BBA,Robotics Society,Cultural Fest,2023-01-13,PRESENT,4.0
REG-CE7783,STU-5639,CSE,Cultural Committee,RoboWars,2023-03-08,LATE,4.0
REG-3CEE90,STU-8663,CE,Coding Club,Tech Symposium,2024-01-05,LATE,4.0
REG-2DBA4F,STU-5348,ME,Robotics Society,Annual Sports Meet,2023-09-15,PRESENT,3.0
REG-5B0AA6,STU-2300,MBA,Robotics Society,RoboWars,2023-08-06,PRESENT,4.0
REG-3E7BDA,STU-6691,ECE,Robotics Society,RoboWars,2024-07-19,LATE,3.0
REG-28B43F,STU-9410,CSE,Robotics Society,Hackathon 2024,2023-04-16,ABSENT,3.0
REG-B8426F,STU-6479,CSE,Literature Society,RoboWars,2023-01-12,PRESENT,3.0
REG-6EC06A,STU-9499,ME,Cultural Committee,Annual Sports Meet,2023-12-07,PRESENT,4.0
REG-6F9064,STU-5358,MBA,Literature Society,RoboWars,2024-10-11,PRESENT,2.0
REG-A0ED4C,STU-4371,CSE,Literature Society,Hackathon 2024,2024-03-20,ABSENT,1.0
REG-6AF0AB,STU-9011,MBA,Coding Club,Cultural Fest,2023-10-19,LATE,2.0
REG-F030EA,STU-7053,EE,Sports Club,RoboWars,2023-11-07,PRESENT,5.0
REG-39ADC3,STU-9097,CSE,Coding Club,Guest Lecture,2024-11-16,PRESENT,3.0
REG-8DFD11,STU-2958,EE,Cultural Committee,Hackathon 2024,2024-07-09,PRESENT,1.0
REG-06465C,STU-1638,CSE,Robotics Society,Tech Symposium,2024-04-16,PRESENT,3.0
REG-566F84,STU-6864,EE,Cultural Committee,Hackathon 2024,2024-08-24,PRESENT,3.0
REG-79E280,STU-4991,BBA,Coding Club,Annual Sports Meet,2024-06-05,LATE,3.0
REG-D7721F,STU-5988,CSE,Robotics Society,Cultural Fest,2024-07-25,ABSENT,3.0
REG-BBE69E,STU-4472,CSE,Literature Society,Hackathon 2024,2023-04-16,ABSENT,3.0
REG-2A9568,STU-5403,ME,Robotics Society,Guest Lecture,2024-11-22,ABSENT,3.0
REG-0C7C5D,STU-8381,UNKNOWN,Robotics Society,RoboWars,2024-12-06,ABSENT,3.0
REG-43C4AB,STU-1504,CSE,Coding Club,Tech Symposium,2023-05-31,LATE,3.0
REG-3C00D3,STU-9580,CE,Sports Club,Hackathon 2024,2023-03-08,PRESENT,1.0
REG-776B68,STU-2146,EE,Coding Club,Annual Sports Meet,2023-01-27,LATE,5.0
REG-0CC168,STU-3873,CSE,Sports Club,Guest Lecture,2024-09-14,PRESENT,5.0
REG-D1CB92,STU-3166,UNKNOWN,Literature Society,Hackathon 2024,2023-03-04,LATE,3.0
REG-E8EE17,STU-9093,BBA,Robotics Society,Annual Sports Meet,2024-08-01,LATE,3.0
REG-EB5315,STU-2262,MBA,Robotics Society,Annual Sports Meet,2023-02-16,LATE,2.0
REG-FA855C,STU-7467,CSE,Cultural Committee,Tech Symposium,2023-11-11,ABSENT,5.0
REG-C8F671,STU-6932,CSE,Sports Club,Hackathon 2024,2023-12-04,PRESENT,3.0
REG-AAAD2C,STU-6861,ECE,Sports Club,Guest Lecture,2023-09-29,PRESENT,3.0
REG-DDE17D,STU-9882,CSE,Robotics Society,RoboWars,2024-09-08,ABSENT,2.0
REG-2FDE61,STU-2225,EE,Coding Club,Hackathon 2024,2023-06-21,PRESENT,3.0
REG-03CFAC,STU-1042,ECE,Literature Society,Guest Lecture,2023-05-27,ABSENT,5.0
REG-519883,STU-5369,CSE,Sports Club,Guest Lecture,2023-10-30,PRESENT,3.0
REG-D4A690,STU-9980,MBA,Literature Society,RoboWars,2023-02-02,PRESENT,2.0
REG-8234CF,STU-5031,MBA,Robotics Society,Hackathon 2024,2024-12-05,LATE,3.0
REG-29AFDF,STU-3620,UNKNOWN,Cultural Committee,Tech Symposium,2023-12-21,ABSENT,3.0
REG-997A9F,STU-1388,BBA,Sports Club,Tech Symposium,2023-04-30,LATE,1.0
REG-64AA57,STU-7815,CSE,Cultural Committee,RoboWars,2024-06-05,ABSENT,1.0
REG-EE08C2,STU-5618,BBA,Cultural Committee,RoboWars,2023-02-03,ABSENT,1.0
REG-2E68E6,STU-3892,BBA,Coding Club,Cultural Fest,2024-03-06,ABSENT,3.0
REG-A5FFD8,STU-6183,CE,Sports Club,Hackathon 2024,2024-01-01,LATE,5.0
REG-253FAB,STU-9299,CE,Coding Club,Tech Symposium,2024-08-11,PRESENT,2.0
REG-04E8FC,STU-8229,MBA,Literature Society,Guest Lecture,2023-06-26,ABSENT,2.0
REG-FB965B,STU-2790,CSE,Coding Club,Guest Lecture,2024-12-27,PRESENT,3.0
REG-AA1B00,STU-9327,EE,Coding Club,Annual Sports Meet,2023-09-21,PRESENT,3.0
REG-0BD395,STU-6360,CSE,Robotics Society,Annual Sports Meet,2024-02-14,LATE,5.0
REG-D870BB,STU-2787,EE,Coding Club,Cultural Fest,2024-07-18,ABSENT,3.0
REG-40FCD3,STU-3118,CSE,Sports Club,Tech Symposium,2023-02-25,PRESENT,3.0
REG-D00849,STU-4935,CE,Robotics Society,Annual Sports Meet,2024-07-01,ABSENT,3.0
REG-311698,STU-2543,CE,Sports Club,Guest Lecture,2024-04-27,PRESENT,4.0
REG-6C40FC,STU-9141,EE,Cultural Committee,Guest Lecture,2023-02-04,LATE,2.0
REG-A8B164,STU-9434,CSE,Coding Club,Cultural Fest,2023-11-08,ABSENT,1.0
REG-6F2256,STU-4766,ECE,Coding Club,RoboWars,2024-02-27,ABSENT,2.0
REG-84F6A4,STU-4943,CSE,Robotics Society,Annual Sports Meet,2024-11-27,PRESENT,3.0
REG-3D1955,STU-9368,EE,Cultural Committee,Cultural Fest,2023-04-24,LATE,4.0
REG-7627BC,STU-2270,BBA,Robotics Society,Tech Symposium,2024-04-08,ABSENT,3.0
REG-A73B9E,STU-3210,UNKNOWN,Coding Club,Annual Sports Meet,2024-03-03,PRESENT,3.0
REG-C6F7F9,STU-3783,ME,Coding Club,Guest Lecture,2024-01-18,PRESENT,2.0
REG-A5C910,STU-1989,EE,Coding Club,RoboWars,2024-04-13,LATE,3.0
REG-13D795,STU-2877,ME,Robotics Society,Annual Sports Meet,2024-06-06,ABSENT,3.0
REG-40DA9C,STU-6462,BBA,Cultural Committee,Annual Sports Meet,2023-04-12,PRESENT,5.0
REG-3C109C,STU-7055,ECE,Sports Club,RoboWars,2024-01-26,LATE,4.0
REG-0EFC33,STU-8682,BBA,Coding Club,Guest Lecture,2023-07-14,LATE,3.0
REG-12BB73,STU-9243,ME,Cultural Committee,Hackathon 2024,2023-04-14,LATE,2.0
REG-92205F,STU-8737,CE,Sports Club,Guest Lecture,2023-10-17,LATE,1.0
REG-C03DC9,STU-8665,CSE,Literature Society,Hackathon 2024,2023-03-01,PRESENT,4.0
REG-814D90,STU-5091,UNKNOWN,Robotics Society,Hackathon 2024,2023-01-24,LATE,2.0
REG-F234B1,STU-1329,BBA,Coding Club,Cultural Fest,2023-03-25,LATE,3.0
REG-2126D1,STU-7429,CSE,Robotics Society,RoboWars,2023-04-05,ABSENT,3.0
REG-F8A53C,STU-7445,CSE,Literature Society,RoboWars,2023-03-14,PRESENT,1.0
REG-48610E,STU-6431,CE,Robotics Society,Annual Sports Meet,2023-04-29,ABSENT,1.0
REG-CE75AD,STU-4811,BBA,Cultural Committee,Hackathon 2024,2023-03-23,LATE,4.0
REG-0E0C2E,STU-8642,UNKNOWN,Robotics Society,Annual Sports Meet,2023-05-07,PRESENT,5.0
REG-A840B0,STU-8342,CSE,Sports Club,Hackathon 2024,2023-12-05,ABSENT,1.0
REG-55BDCB,STU-8724,UNKNOWN,Coding Club,Cultural Fest,2023-09-06,ABSENT,2.0
REG-83C7DF,STU-6348,CSE,Coding Club,Cultural Fest,2024-12-22,ABSENT,5.0
REG-1BB835,STU-6334,CSE,Cultural Committee,Cultural Fest,2023-02-05,ABSENT,2.0
REG-E8A21F,STU-8646,EE,Cultural Committee,RoboWars,2024-07-04,ABSENT,4.0
REG-2EBE2D,STU-3635,CE,Coding Club,Hackathon 2024,2023-11-17,ABSENT,3.0
REG-8C193E,STU-5338,ME,Cultural Committee,Annual Sports Meet,2023-10-19,PRESENT,1.0
REG-5589F4,STU-9929,ME,Literature Society,Hackathon 2024,2024-05-25,PRESENT,4.0
REG-FE3D9C,STU-4489,MBA,Cultural Committee,Hackathon 2024,2023-01-21,PRESENT,4.0
REG-AB7C93,STU-4685,ECE,Literature Society,Tech Symposium,2023-10-13,LATE,4.0
REG-6C81A2,STU-1690,CSE,Sports Club,Tech Symposium,2023-12-06,PRESENT,3.0
REG-24245A,STU-3608,UNKNOWN,Sports Club,Annual Sports Meet,2023-08-01,ABSENT,4.0
REG-78E966,STU-2055,BBA,Robotics Society,Guest Lecture,2023-02-06,PRESENT,5.0
REG-801BEB,STU-7176,MBA,Literature Society,Guest Lecture,2024-06-21,PRESENT,3.0
REG-0DB8C8,STU-5777,ME,Coding Club,Hackathon 2024,2024-03-30,ABSENT,4.0
REG-0D628B,STU-6887,CSE,Literature Society,Guest Lecture,2024-05-18,PRESENT,3.0
REG-8BFCFC,STU-9618,EE,Robotics Society,Guest Lecture,2024-04-13,ABSENT,3.0
REG-E9ECB6,STU-7394,EE,Coding Club,Annual Sports Meet,2023-02-16,ABSENT,1.0
REG-0B47D0,STU-9644,ECE,Coding Club,Guest Lecture,2024-03-28,PRESENT,5.0
REG-FE80B2,STU-6585,CSE,Literature Society,RoboWars,2023-02-10,LATE,3.0
REG-EA9FD7,STU-8933,EE,Cultural Committee,Guest Lecture,2024-07-23,LATE,2.0
REG-536F9B,STU-9955,CSE,Sports Club,Annual Sports Meet,2024-02-29,LATE,5.0
REG-21254F,STU-5525,CE,Robotics Society,Hackathon 2024,2023-05-13,ABSENT,4.0
REG-EDFDB1,STU-9858,EE,Literature Society,Tech Symposium,2024-12-16,LATE,1.0
REG-0335A4,STU-9877,CE,Robotics Society,Annual Sports Meet,2023-11-09,ABSENT,3.0
REG-B99C6B,STU-9020,ME,Cultural Committee,Annual Sports Meet,2024-09-21,ABSENT,3.0
REG-8412D3,STU-7646,CSE,Literature Society,Cultural Fest,2023-08-07,ABSENT,1.0
REG-B18BAD,STU-1491,CSE,Cultural Committee,RoboWars,2024-01-10,LATE,5.0
REG-0231FC,STU-2840,ME,Literature Society,Tech Symposium,2024-06-30,ABSENT,3.0
REG-8A18CF,STU-1667,BBA,Sports Club,Guest Lecture,2024-03-31,LATE,3.0
REG-29577A,STU-3927,UNKNOWN,Literature Society,Cultural Fest,2024-09-08,ABSENT,1.0
REG-F5A24B,STU-7612,CSE,Robotics Society,Cultural Fest,2024-01-04,ABSENT,3.0
REG-CF27D9,STU-7396,EE,Robotics Society,Tech Symposium,2024-12-15,LATE,2.0
REG-E9FF5D,STU-1259,CSE,Literature Society,Hackathon 2024,2023-01-05,PRESENT,5.0
REG-B184EB,STU-4779,CSE,Robotics Society,RoboWars,2023-01-25,LATE,5.0
REG-D13AF1,STU-9740,CSE,Literature Society,Guest Lecture,2023-07-08,ABSENT,4.0
REG-5F2038,STU-8144,MBA,Coding Club,Annual Sports Meet,2024-05-25,LATE,3.0
REG-AD816C,STU-8960,BBA,Robotics Society,Tech Symposium,2024-08-22,ABSENT,4.0
REG-BAA7F6,STU-8010,CE,Literature Society,Hackathon 2024,2023-10-24,PRESENT,5.0
REG-CEFBFB,STU-6123,CE,Coding Club,Cultural Fest,2023-05-16,ABSENT,3.0
REG-688D9F,STU-2724,CSE,Robotics Society,Guest Lecture,2023-11-30,PRESENT,3.0
REG-4994EE,STU-6708,CSE,Cultural Committee,Guest Lecture,2024-05-04,LATE,1.0
REG-53E2B9,STU-6850,ECE,Robotics Society,Annual Sports Meet,2023-01-09,LATE,1.0
REG-AA3565,STU-5327,EE,Coding Club,Guest Lecture,2024-07-10,PRESENT,3.0
REG-79E8AD,STU-8336,CE,Robotics Society,Cultural Fest,2023-12-16,LATE,5.0
REG-E3542A,STU-4302,CSE,Coding Club,Annual Sports Meet,2023-10-15,PRESENT,3.0
REG-2790FE,STU-4563,MBA,Literature Society,Hackathon 2024,2024-04-01,ABSENT,2.0
REG-5C2205,STU-5372,EE,Robotics Society,Guest Lecture,2023-12-01,PRESENT,3.0
REG-2A11A8,STU-7672,ECE,Robotics Society,Cultural Fest,2023-01-08,PRESENT,4.0
REG-754134,STU-8896,CSE,Robotics Society,Hackathon 2024,2023-10-17,ABSENT,3.0
REG-9AEABF,STU-7273,BBA,Sports Club,RoboWars,2023-12-13,ABSENT,1.0
REG-8C5998,STU-3794,ECE,Sports Club,Guest Lecture,2024-10-29,ABSENT,3.0
REG-8F965C,STU-5882,BBA,Robotics Society,Guest Lecture,2024-01-14,PRESENT,4.0
REG-8A1523,STU-9042,EE,Sports Club,Hackathon 2024,2024-12-06,ABSENT,1.0
REG-CE5115,STU-4586,ME,Literature Society,Guest Lecture,2024-10-31,ABSENT,2.0
REG-A0D8F6,STU-7389,CE,Cultural Committee,Annual Sports Meet,2023-11-07,LATE,5.0
REG-B9A2E1,STU-5585,CE,Sports Club,Guest Lecture,2023-06-09,LATE,3.0
REG-F31407,STU-7251,UNKNOWN,Robotics Society,Tech Symposium,2024-04-22,PRESENT,5.0
REG-9CA01E,STU-6249,CSE,Coding Club,Tech Symposium,2024-10-02,LATE,4.0
REG-C8B201,STU-7453,CSE,Robotics Society,RoboWars,2024-01-15,LATE,5.0
REG-825275,STU-3158,CE,Sports Club,Annual Sports Meet,2023-06-18,PRESENT,3.0
REG-6AC3F2,STU-2252,EE,Sports Club,RoboWars,2024-01-11,ABSENT,5.0
REG-383F5F,STU-9381,EE,Coding Club,Hackathon 2024,2023-02-25,LATE,3.0
REG-BA7B9D,STU-7181,ECE,Coding Club,Annual Sports Meet,2024-04-05,ABSENT,3.0
REG-DEFFE1,STU-8131,CE,Sports Club,Annual Sports Meet,2023-04-02,PRESENT,1.0
REG-C6683D,STU-9078,CSE,Literature Society,RoboWars,2024-08-13,LATE,3.0
REG-3B93A9,STU-3646,MBA,Robotics Society,Tech Symposium,2023-01-08,LATE,4.0
REG-046A87,STU-6230,CSE,Sports Club,Cultural Fest,2024-05-03,ABSENT,4.0
REG-67A728,STU-9474,CE,Cultural Committee,Cultural Fest,2024-01-30,ABSENT,5.0
REG-C0A347,STU-9968,CSE,Literature Society,Cultural Fest,2024-05-12,PRESENT,1.0
REG-086B08,STU-9325,CSE,Literature Society,Guest Lecture,2023-06-13,LATE,2.0
REG-52C16E,STU-4289,CSE,Sports Club,Hackathon 2024,2023-08-31,ABSENT,5.0
REG-0F40BF,STU-9124,BBA,Robotics Society,Hackathon 2024,2023-08-10,PRESENT,3.0
REG-E9882E,STU-7044,CSE,Cultural Committee,Guest Lecture,2023-12-22,ABSENT,5.0
REG-2702F6,STU-4097,CE,Literature Society,RoboWars,2023-08-16,PRESENT,3.0
REG-1A0B38,STU-2254,CE,Coding Club,Annual Sports Meet,2024-09-14,ABSENT,3.0
REG-5108F2,STU-6508,MBA,Literature Society,Hackathon 2024,2024-12-06,ABSENT,3.0
REG-E27792,STU-2534,UNKNOWN,Sports Club,Guest Lecture,2024-06-20,LATE,3.0
REG-8D7C2E,STU-6436,EE,Literature Society,Guest Lecture,2024-12-31,ABSENT,4.0
REG-DD7FEA,STU-6564,CSE,Robotics Society,Hackathon 2024,2023-04-17,LATE,2.0
REG-06F419,STU-4008,EE,Literature Society,Guest Lecture,2024-08-15,ABSENT,5.0
REG-F3524F,STU-4032,ME,Cultural Committee,Cultural Fest,2023-10-03,LATE,3.0
REG-DDE70C,STU-8403,MBA,Cultural Committee,Hackathon 2024,2024-04-11,PRESENT,3.0
REG-3CAF6D,STU-9802,MBA,Sports Club,Hackathon 2024,2023-09-20,ABSENT,2.0
REG-9EAEF9,STU-1482,EE,Coding Club,RoboWars,2023-10-07,LATE,3.0
REG-3AC8A6,STU-4443,MBA,Sports Club,Tech Symposium,2023-05-01,LATE,1.0
REG-506252,STU-7589,CSE,Coding Club,Guest Lecture,2024-10-20,ABSENT,3.0
REG-4311FB,STU-9516,MBA,Cultural Committee,Guest Lecture,2023-12-29,ABSENT,5.0
REG-F64366,STU-3000,CSE,Robotics Society,Guest Lecture,2024-02-28,PRESENT,2.0
REG-76DEF7,STU-9810,UNKNOWN,Cultural Committee,Cultural Fest,2023-05-11,LATE,3.0
REG-9F1DEB,STU-1938,BBA,Robotics Society,Hackathon 2024,2024-08-26,PRESENT,3.0
REG-5CE7A5,STU-2471,CSE,Cultural Committee,Hackathon 2024,2023-10-04,ABSENT,3.0
REG-91811B,STU-9720,CSE,Robotics Society,Tech Symposium,2023-09-06,ABSENT,4.0
REG-B1B3AA,STU-5313,CSE,Robotics Society,Cultural Fest,2024-11-16,LATE,3.0
REG-8DBD8A,STU-1662,MBA,Literature Society,Annual Sports Meet,2023-01-08,PRESENT,4.0
REG-B10863,STU-4067,EE,Sports Club,RoboWars,2023-01-07,PRESENT,5.0
REG-946178,STU-7262,BBA,Sports Club,Tech Symposium,2024-06-29,LATE,3.0
REG-950B46,STU-1716,BBA,Literature Society,Cultural Fest,2024-09-08,LATE,2.0
REG-E6C43D,STU-7978,CSE,Literature Society,Hackathon 2024,2023-10-29,LATE,3.0
REG-4E0460,STU-7456,BBA,Coding Club,RoboWars,2023-11-18,ABSENT,3.0
REG-101535,STU-3231,ECE,Sports Club,Guest Lecture,2023-09-09,ABSENT,3.0
REG-5B4CC7,STU-8067,ECE,Literature Society,RoboWars,2024-01-06,PRESENT,3.0
REG-3C87E3,STU-7942,BBA,Cultural Committee,Tech Symposium,2024-09-28,PRESENT,3.0
REG-3986D1,STU-1516,BBA,Literature Society,Cultural Fest,2023-12-27,ABSENT,4.0
REG-3EBA8B,STU-4755,ME,Coding Club,Guest Lecture,2024-11-28,LATE,3.0
REG-F835BB,STU-8656,MBA,Cultural Committee,Cultural Fest,2023-06-23,LATE,4.0
REG-0AB23A,STU-8300,CSE,Coding Club,Tech Symposium,2024-06-15,ABSENT,4.0
REG-D00DD6,STU-8413,CSE,Robotics Society,RoboWars,2023-08-04,PRESENT,1.0
REG-DFF7B8,STU-7390,EE,Literature Society,Guest Lecture,2024-07-23,ABSENT,4.0
REG-D46AF2,STU-6696,BBA,Coding Club,Annual Sports Meet,2024-07-27,LATE,1.0
REG-7818F4,STU-3724,EE,Sports Club,Cultural Fest,2024-05-20,PRESENT,1.0
REG-BAE2C6,STU-8848,BBA,Coding Club,Hackathon 2024,2024-08-19,LATE,3.0
REG-219112,STU-8298,ME,Robotics Society,Hackathon 2024,2024-11-26,PRESENT,3.0
REG-E21E59,STU-1841,CSE,Coding Club,Guest Lecture,2024-02-07,LATE,5.0
REG-FA4119,STU-5035,EE,Literature Society,Hackathon 2024,2023-03-19,PRESENT,3.0
REG-697CCF,STU-1859,CE,Coding Club,Guest Lecture,2024-04-27,ABSENT,1.0
REG-ED417C,STU-3187,ME,Cultural Committee,RoboWars,2024-08-14,LATE,4.0
REG-199DBE,STU-7583,CSE,Coding Club,Hackathon 2024,2023-06-18,PRESENT,1.0
REG-A42B39,STU-3318,EE,Coding Club,RoboWars,2023-10-11,ABSENT,2.0
REG-AA796B,STU-9245,ME,Sports Club,Guest Lecture,2024-12-23,PRESENT,2.0
REG-B02838,STU-1986,CSE,Robotics Society,Cultural Fest,2023-11-02,LATE,1.0
REG-C92F6E,STU-9832,ME,Coding Club,Cultural Fest,2023-01-04,LATE,3.0
REG-C42532,STU-7117,MBA,Literature Society,Cultural Fest,2024-01-20,PRESENT,5.0
REG-6EC4EC,STU-7436,MBA,Cultural Committee,Hackathon 2024,2024-05-12,PRESENT,4.0
REG-E9F53C,STU-8624,CSE,Literature Society,Hackathon 2024,2023-08-15,PRESENT,3.0
REG-754819,STU-7776,UNKNOWN,Coding Club,Annual Sports Meet,2023-12-17,PRESENT,3.0
REG-0A42E2,STU-9579,CSE,Literature Society,Cultural Fest,2024-03-16,PRESENT,2.0
REG-B9F7F1,STU-9732,CSE,Cultural Committee,Cultural Fest,2023-12-13,PRESENT,1.0
REG-A5AF10,STU-6362,ECE,Literature Society,Hackathon 2024,2023-04-29,LATE,2.0
REG-76ACC3,STU-9492,BBA,Cultural Committee,Guest Lecture,2024-02-08,ABSENT,1.0
REG-A28CE7,STU-2066,CSE,Sports Club,Hackathon 2024,2024-09-12,LATE,3.0
REG-F007AE,STU-2740,EE,Coding Club,RoboWars,2023-11-07,ABSENT,1.0
REG-1FBBFD,STU-1487,BBA,Cultural Committee,Hackathon 2024,2024-09-27,PRESENT,2.0
REG-0DAB5E,STU-3251,CSE,Cultural Committee,Cultural Fest,2024-03-27,LATE,3.0
REG-379750,STU-1696,CSE,Sports Club,Hackathon 2024,2023-08-22,PRESENT,3.0
REG-864F00,STU-9218,ECE,Coding Club,Cultural Fest,2024-07-01,ABSENT,4.0
REG-3E9AE6,STU-3936,CSE,Coding Club,Annual Sports Meet,2024-09-07,ABSENT,3.0
REG-F350ED,STU-6356,ECE,Coding Club,RoboWars,2023-10-06,LATE,3.0
REG-1F86BF,STU-7159,EE,Coding Club,Annual Sports Meet,2023-10-08,ABSENT,3.0
REG-93701C,STU-7422,CSE,Literature Society,Tech Symposium,2023-02-27,PRESENT,3.0
REG-A06FB8,STU-6761,EE,Literature Society,Cultural Fest,2023-01-01,ABSENT,3.0
REG-FD661D,STU-3969,UNKNOWN,Cultural Committee,Annual Sports Meet,2024-01-11,LATE,3.0
REG-9F7A85,STU-3905,CE,Literature Society,Tech Symposium,2024-01-24,ABSENT,3.0
REG-6DC902,STU-2638,EE,Literature Society,Tech Symposium,2023-02-16,PRESENT,5.0
REG-524935,STU-4662,CSE,Cultural Committee,Annual Sports Meet,2023-09-26,LATE,4.0
REG-4AD2B3,STU-8438,ECE,Literature Society,Tech Symposium,2023-06-15,ABSENT,3.0
REG-FC5259,STU-3755,CSE,Robotics Society,RoboWars,2024-03-19,PRESENT,3.0
REG-EAAE04,STU-1711,UNKNOWN,Cultural Committee,Guest Lecture,2024-11-20,LATE,5.0
REG-1C0CC1,STU-1326,ME,Sports Club,Cultural Fest,2023-04-15,ABSENT,4.0
REG-A87E39,STU-8967,MBA,Robotics Society,Cultural Fest,2024-10-23,PRESENT,5.0
REG-C4008C,STU-8726,EE,Coding Club,Guest Lecture,2023-02-08,PRESENT,1.0
REG-B3CF3F,STU-9119,MBA,Coding Club,Hackathon 2024,2023-12-18,LATE,5.0
REG-095085,STU-2061,MBA,Coding Club,Guest Lecture,2023-09-01,LATE,2.0
REG-533D54,STU-2124,CSE,Literature Society,Cultural Fest,2024-06-04,ABSENT,4.0
REG-8DB9C3,STU-2123,CE,Cultural Committee,Annual Sports Meet,2024-09-29,LATE,3.0
REG-E61C70,STU-1136,BBA,Coding Club,Annual Sports Meet,2024-12-22,LATE,3.0
REG-FC5F93,STU-1190,BBA,Coding Club,RoboWars,2024-03-20,PRESENT,3.0
REG-C0116A,STU-2519,MBA,Literature Society,RoboWars,2023-07-12,ABSENT,2.0
REG-508799,STU-7073,EE,Robotics Society,Annual Sports Meet,2023-09-06,LATE,3.0
REG-40F3DE,STU-2187,BBA,Robotics Society,Hackathon 2024,2023-03-20,LATE,2.0
REG-84F7D9,STU-7261,CE,Cultural Committee,RoboWars,2023-09-22,PRESENT,1.0
REG-0CD09E,STU-7403,ECE,Sports Club,Cultural Fest,2023-07-21,LATE,4.0
REG-2E1AE5,STU-9653,ME,Literature Society,Annual Sports Meet,2023-05-19,ABSENT,4.0
REG-79DC56,STU-7180,EE,Literature Society,Annual Sports Meet,2023-12-14,ABSENT,4.0
REG-E40BEB,STU-3313,BBA,Coding Club,Hackathon 2024,2024-09-08,PRESENT,3.0
REG-19EC43,STU-9380,CSE,Robotics Society,Tech Symposium,2024-12-31,ABSENT,2.0
REG-BEB498,STU-6770,UNKNOWN,Robotics Society,Cultural Fest,2023-11-30,PRESENT,3.0
REG-83F683,STU-9633,CE,Cultural Committee,Hackathon 2024,2024-05-02,ABSENT,5.0
REG-B8E5FA,STU-3841,EE,Sports Club,Tech Symposium,2024-07-20,LATE,5.0
REG-7D257A,STU-5585,ME,Sports Club,Tech Symposium,2023-07-05,PRESENT,3.0
REG-8DB673,STU-6932,EE,Coding Club,Hackathon 2024,2024-08-16,PRESENT,3.0
REG-0FB6EF,STU-2187,ME,Robotics Society,RoboWars,2024-04-09,ABSENT,5.0
REG-A5114A,STU-9872,BBA,Sports Club,Cultural Fest,2024-06-01,PRESENT,2.0
REG-0C70F3,STU-6864,UNKNOWN,Coding Club,Annual Sports Meet,2023-03-18,ABSENT,5.0
REG-0D5B4B,STU-6278,ME,Literature Society,RoboWars,2024-03-02,PRESENT,1.0
REG-942182,STU-6419,CSE,Cultural Committee,RoboWars,2024-12-04,ABSENT,3.0
REG-C02104,STU-9506,ME,Coding Club,Hackathon 2024,2024-12-27,LATE,1.0
REG-BCEDF0,STU-6587,ME,Cultural Committee,Hackathon 2024,2023-03-18,PRESENT,3.0
REG-A4E4FF,STU-2330,CE,Literature Society,Tech Symposium,2024-10-19,PRESENT,3.0
REG-E341EC,STU-5817,CSE,Cultural Committee,Hackathon 2024,2023-12-09,PRESENT,3.0
REG-810F81,STU-7295,CSE,Robotics Society,RoboWars,2024-09-21,ABSENT,3.0
REG-81D961,STU-2658,MBA,Sports Club,RoboWars,2023-01-01,ABSENT,1.0
REG-477977,STU-5796,EE,Cultural Committee,Tech Symposium,2024-02-01,ABSENT,1.0
REG-37C0A0,STU-4927,CE,Coding Club,RoboWars,2024-06-23,LATE,1.0
REG-B45F90,STU-7726,EE,Cultural Committee,Guest Lecture,2024-03-19,LATE,1.0
REG-6C462F,STU-6226,EE,Cultural Committee,Annual Sports Meet,2024-10-28,LATE,3.0
REG-6386CF,STU-4315,ME,Robotics Society,Hackathon 2024,2023-02-25,ABSENT,3.0
REG-4862D5,STU-4295,CSE,Cultural Committee,Tech Symposium,2024-04-27,LATE,5.0
REG-CC55D6,STU-8007,ME,Cultural Committee,RoboWars,2023-10-26,PRESENT,3.0
REG-9EE248,STU-8273,CSE,Robotics Society,Cultural Fest,2024-12-30,ABSENT,3.0
REG-E6F7E2,STU-5611,MBA,Cultural Committee,RoboWars,2023-10-07,LATE,3.0
REG-CDABF4,STU-5834,EE,Coding Club,Guest Lecture,2024-03-29,LATE,3.0
REG-EB5044,STU-9138,CSE,Cultural Committee,Cultural Fest,2024-11-08,LATE,4.0
REG-35203E,STU-1577,CSE,Sports Club,Cultural Fest,2024-10-08,PRESENT,1.0
REG-5E72D5,STU-8615,UNKNOWN,Sports Club,RoboWars,2023-05-08,PRESENT,4.0
REG-B2FF82,STU-2345,UNKNOWN,Sports Club,Tech Symposium,2023-09-10,ABSENT,3.0
REG-83C259,STU-2026,UNKNOWN,Robotics Society,Hackathon 2024,2024-03-20,PRESENT,3.0
REG-D4123C,STU-7549,CSE,Coding Club,Guest Lecture,2024-01-05,LATE,2.0
REG-BBB504,STU-2634,EE,Literature Society,Tech Symposium,2024-01-11,ABSENT,2.0
REG-C7F78A,STU-2689,CSE,Literature Society,Cultural Fest,2023-10-06,PRESENT,3.0
REG-842C21,STU-6383,CSE,Coding Club,Cultural Fest,2023-06-06,PRESENT,4.0
REG-B45471,STU-9645,MBA,Cultural Committee,RoboWars,2024-12-27,ABSENT,3.0
REG-750E7A,STU-6039,EE,Cultural Committee,Cultural Fest,2024-01-07,PRESENT,3.0
REG-34A823,STU-1396,CSE,Literature Society,RoboWars,2024-12-15,LATE,3.0
REG-3B9B5A,STU-7226,EE,Cultural Committee,Cultural Fest,2023-02-21,LATE,5.0
REG-3FF010,STU-7923,EE,Robotics Society,Annual Sports Meet,2024-08-24,LATE,3.0
REG-41F9DA,STU-5185,UNKNOWN,Sports Club,Tech Symposium,2023-04-18,LATE,3.0
REG-FC85EB,STU-5564,CSE,Robotics Society,Annual Sports Meet,2023-05-18,LATE,3.0
REG-74BDB8,STU-3169,UNKNOWN,Cultural Committee,Annual Sports Meet,2024-01-07,ABSENT,5.0
REG-CD698A,STU-6767,MBA,Literature Society,Cultural Fest,2023-12-16,ABSENT,2.0
REG-A3212D,STU-7623,MBA,Sports Club,Guest Lecture,2023-06-25,ABSENT,2.0
REG-B50700,STU-2968,ECE,Cultural Committee,Guest Lecture,2024-08-05,LATE,4.0
REG-7A34D3,STU-4119,ECE,Coding Club,RoboWars,2023-11-16,PRESENT,5.0
REG-FBFAF4,STU-1977,CE,Robotics Society,Tech Symposium,2024-02-01,LATE,2.0
REG-787B4A,STU-3116,CSE,Cultural Committee,Hackathon 2024,2023-08-17,LATE,3.0
REG-AFC59A,STU-3723,CSE,Sports Club,RoboWars,2024-12-30,ABSENT,3.0
REG-9DF39E,STU-6454,CSE,Sports Club,Cultural Fest,2024-04-25,PRESENT,3.0
REG-073A75,STU-2100,UNKNOWN,Robotics Society,Hackathon 2024,2023-01-14,PRESENT,3.0
REG-B124E0,STU-1328,MBA,Coding Club,Hackathon 2024,2023-09-20,PRESENT,4.0
REG-AF39EE,STU-6213,MBA,Sports Club,Cultural Fest,2023-07-29,LATE,1.0
REG-7DFC3C,STU-1976,CSE,Cultural Committee,Hackathon 2024,2024-06-28,ABSENT,5.0
REG-53DC83,STU-2049,BBA,Robotics Society,Cultural Fest,2023-01-13,LATE,3.0
REG-E8B180,STU-4310,UNKNOWN,Literature Society,Hackathon 2024,2024-01-30,LATE,3.0
REG-07ACC9,STU-5796,MBA,Cultural Committee,Hackathon 2024,2024-01-18,LATE,3.0
REG-3366CD,STU-1359,CSE,Literature Society,Annual Sports Meet,2024-09-19,LATE,5.0
REG-46628C,STU-3402,UNKNOWN,Coding Club,Tech Symposium,2023-09-08,PRESENT,5.0
REG-18BF83,STU-5380,CE,Cultural Committee,RoboWars,2023-04-12,PRESENT,3.0
REG-3132AB,STU-6196,CSE,Sports Club,Tech Symposium,2024-08-27,PRESENT,3.0
REG-739602,STU-5899,BBA,Coding Club,Guest Lecture,2023-11-04,LATE,4.0
REG-211E4C,STU-3163,CSE,Sports Club,Hackathon 2024,2023-03-31,ABSENT,3.0
REG-92E88E,STU-5110,CE,Sports Club,RoboWars,2023-06-09,LATE,3.0
REG-0F624C,STU-8513,ECE,Cultural Committee,Hackathon 2024,2023-02-10,PRESENT,3.0
REG-DDFA01,STU-9714,BBA,Sports Club,Cultural Fest,2024-12-26,PRESENT,3.0
REG-037CCC,STU-1577,CSE,Coding Club,Guest Lecture,2023-01-17,LATE,2.0
REG-C63506,STU-7331,CSE,Robotics Society,Cultural Fest,2023-07-09,ABSENT,3.0
REG-457443,STU-2771,CSE,Robotics Society,Cultural Fest,2023-03-20,LATE,3.0
REG-75BDAD,STU-3372,CSE,Sports Club,Guest Lecture,2023-10-24,LATE,1.0
REG-1DC6CC,STU-7798,MBA,Coding Club,Cultural Fest,2024-02-01,LATE,3.0
REG-483932,STU-7385,BBA,Robotics Society,Tech Symposium,2023-10-07,PRESENT,3.0
REG-464BC2,STU-1567,ME,Coding Club,RoboWars,2024-07-14,LATE,3.0
REG-61D94A,STU-5435,EE,Sports Club,Annual Sports Meet,2023-07-19,ABSENT,3.0
REG-EF11D6,STU-5182,CSE,Sports Club,RoboWars,2023-11-23,PRESENT,3.0
REG-2DEEFE,STU-2034,CSE,Cultural Committee,RoboWars,2023-06-28,PRESENT,5.0
REG-9B4B1D,STU-5253,ME,Robotics Society,Tech Symposium,2024-06-16,PRESENT,3.0
REG-47B6EF,STU-8421,UNKNOWN,Coding Club,RoboWars,2023-07-15,PRESENT,3.0
REG-296D37,STU-6373,CE,Coding Club,Hackathon 2024,2023-04-03,ABSENT,3.0
REG-36144C,STU-4717,CSE,Literature Society,RoboWars,2023-01-07,ABSENT,2.0
REG-D49788,STU-9611,ME,Cultural Committee,RoboWars,2023-11-22,LATE,1.0
REG-45F523,STU-6318,CE,Robotics Society,Guest Lecture,2023-05-14,PRESENT,3.0
REG-65DFF5,STU-4162,MBA,Coding Club,Guest Lecture,2024-12-15,ABSENT,3.0
REG-0C0BBC,STU-8148,CE,Cultural Committee,Guest Lecture,2023-03-03,ABSENT,3.0
REG-9D936F,STU-8342,CSE,Literature Society,Tech Symposium,2024-09-10,ABSENT,3.0
REG-3D7546,STU-4180,CSE,Literature Society,Guest Lecture,2023-04-08,PRESENT,3.0
REG-337780,STU-1601,ECE,Sports Club,Guest Lecture,2024-05-03,PRESENT,3.0
REG-9CDACD,STU-3985,BBA,Cultural Committee,RoboWars,2024-08-07,ABSENT,4.0
REG-707066,STU-2259,MBA,Sports Club,Tech Symposium,2024-07-30,ABSENT,3.0
REG-7B2A24,STU-2594,CE,Sports Club,Tech Symposium,2023-03-03,LATE,2.0
REG-93B16A,STU-8376,ME,Sports Club,RoboWars,2024-01-10,PRESENT,3.0
REG-B97A8F,STU-8906,EE,Sports Club,Annual Sports Meet,2024-09-25,ABSENT,3.0
REG-A644F2,STU-1937,ME,Literature Society,Annual Sports Meet,2024-05-04,LATE,1.0
REG-7EC7EB,STU-1705,CE,Coding Club,Tech Symposium,2023-08-09,ABSENT,3.0
REG-3B64E8,STU-7122,CE,Robotics Society,Tech Symposium,2024-12-30,LATE,1.0
REG-A1D478,STU-7417,ME,Robotics Society,RoboWars,2024-06-10,PRESENT,5.0
REG-E5A9B4,STU-1760,CSE,Coding Club,Guest Lecture,2023-02-26,LATE,5.0
REG-DE2598,STU-1479,CSE,Cultural Committee,Tech Symposium,2023-07-23,ABSENT,2.0
REG-0F7A22,STU-9376,UNKNOWN,Robotics Society,Tech Symposium,2023-01-15,LATE,3.0
REG-CF3EC1,STU-8789,ME,Sports Club,Annual Sports Meet,2023-06-01,PRESENT,2.0
REG-99B240,STU-4777,CSE,Cultural Committee,Tech Symposium,2024-07-17,LATE,3.0
REG-AA8D98,STU-5105,UNKNOWN,Cultural Committee,Tech Symposium,2024-03-17,PRESENT,3.0
REG-018FE2,STU-3998,EE,Coding Club,Annual Sports Meet,2024-02-09,LATE,2.0
REG-915313,STU-5052,UNKNOWN,Robotics Society,Guest Lecture,2023-03-23,PRESENT,3.0
REG-883F5D,STU-8189,UNKNOWN,Cultural Committee,Cultural Fest,2023-12-03,ABSENT,4.0
REG-984200,STU-9690,ECE,Sports Club,Hackathon 2024,2024-10-24,ABSENT,1.0
REG-4B062E,STU-6820,BBA,Sports Club,Hackathon 2024,2024-07-01,LATE,3.0
REG-109B1C,STU-4794,CE,Literature Society,Guest Lecture,2023-06-01,ABSENT,5.0
REG-A93205,STU-8310,BBA,Sports Club,Hackathon 2024,2024-02-05,PRESENT,5.0
REG-CE346C,STU-2824,CSE,Sports Club,Annual Sports Meet,2023-02-07,LATE,3.0
REG-1DF597,STU-3514,CSE,Coding Club,RoboWars,2024-10-10,LATE,4.0
REG-61333A,STU-3780,CSE,Coding Club,Guest Lecture,2023-12-09,PRESENT,5.0
REG-D27AF1,STU-1979,CSE,Robotics Society,Tech Symposium,2024-11-23,LATE,3.0
REG-A8D2F4,STU-4302,UNKNOWN,Cultural Committee,Guest Lecture,2024-01-14,PRESENT,3.0
REG-6DBEB1,STU-9587,CSE,Literature Society,RoboWars,2024-06-18,ABSENT,2.0
REG-541598,STU-6064,CE,Coding Club,Tech Symposium,2023-03-28,LATE,5.0
REG-187237,STU-4435,ECE,Literature Society,Cultural Fest,2024-01-12,LATE,4.0
REG-263DF6,STU-6191,EE,Cultural Committee,Cultural Fest,2023-06-23,LATE,5.0
REG-DA9125,STU-4602,EE,Cultural Committee,Annual Sports Meet,2024-01-19,LATE,3.0
REG-AA1B38,STU-6476,CSE,Sports Club,Cultural Fest,2023-02-21,ABSENT,3.0
REG-C88AD1,STU-2442,UNKNOWN,Sports Club,RoboWars,2024-12-23,PRESENT,2.0
REG-6CB32C,STU-7857,ECE,Cultural Committee,Guest Lecture,2024-12-07,PRESENT,4.0
REG-68FA3F,STU-1301,EE,Robotics Society,RoboWars,2023-07-14,PRESENT,5.0
REG-A68FEF,STU-1142,BBA,Robotics Society,Tech Symposium,2024-06-13,PRESENT,5.0
REG-3E7C2B,STU-8839,MBA,Literature Society,Tech Symposium,2024-11-22,ABSENT,5.0
REG-9A7ACC,STU-8852,ECE,Coding Club,Tech Symposium,2023-01-06,ABSENT,5.0
REG-EC92EA,STU-4968,CSE,Cultural Committee,Cultural Fest,2024-07-11,ABSENT,3.0
REG-37EDE6,STU-9253,ME,Cultural Committee,Annual Sports Meet,2023-10-14,ABSENT,2.0
REG-039AB9,STU-9443,ME,Literature Society,RoboWars,2023-11-10,ABSENT,3.0
REG-BFF09F,STU-1546,ME,Cultural Committee,Guest Lecture,2023-04-03,LATE,3.0
REG-D3D1E0,STU-4964,UNKNOWN,Cultural Committee,RoboWars,2023-01-26,LATE,1.0
REG-FC703F,STU-6214,CSE,Sports Club,Tech Symposium,2023-05-24,LATE,3.0
REG-59F09A,STU-3526,BBA,Coding Club,Hackathon 2024,2024-02-15,PRESENT,1.0
REG-49A85E,STU-1448,MBA,Sports Club,Hackathon 2024,2023-08-12,LATE,3.0
REG-281BCC,STU-8083,ECE,Robotics Society,Cultural Fest,2024-01-29,LATE,3.0
REG-F37D1A,STU-3140,CSE,Literature Society,Guest Lecture,2024-09-14,ABSENT,1.0
REG-B68524,STU-7111,BBA,Robotics Society,Guest Lecture,2024-07-27,LATE,4.0
REG-58B218,STU-6979,CSE,Literature Society,RoboWars,2024-01-06,PRESENT,3.0
REG-87C99B,STU-4103,CSE,Cultural Committee,Guest Lecture,2024-11-28,LATE,2.0
REG-A8B246,STU-6547,MBA,Literature Society,Guest Lecture,2024-08-20,LATE,2.0
REG-4BAAD8,STU-6738,CSE,Robotics Society,Tech Symposium,2024-11-22,ABSENT,3.0
REG-442669,STU-5477,CSE,Sports Club,Annual Sports Meet,2023-07-02,PRESENT,2.0
REG-5DA398,STU-6280,CSE,Sports Club,RoboWars,2024-09-27,ABSENT,4.0
REG-50F4C5,STU-4039,MBA,Cultural Committee,RoboWars,2024-08-17,PRESENT,4.0
REG-478716,STU-5799,MBA,Robotics Society,RoboWars,2024-06-10,PRESENT,3.0
REG-2C0203,STU-2119,CSE,Coding Club,Annual Sports Meet,2023-05-15,LATE,1.0
REG-0F5736,STU-8250,EE,Literature Society,Cultural Fest,2023-08-13,LATE,4.0
REG-C12128,STU-5925,ECE,Sports Club,RoboWars,2023-03-25,PRESENT,5.0
REG-FC5EF7,STU-5675,CSE,Literature Society,RoboWars,2023-11-27,LATE,3.0
REG-D17399,STU-4377,CSE,Sports Club,Tech Symposium,2023-10-21,ABSENT,2.0
REG-28A904,STU-5796,MBA,Sports Club,Hackathon 2024,2024-09-28,LATE,3.0
REG-505100,STU-7481,CSE,Sports Club,RoboWars,2024-12-30,PRESENT,2.0
REG-2CBF79,STU-1871,ME,Cultural Committee,Cultural Fest,2023-10-23,ABSENT,5.0
REG-1427E9,STU-9365,ECE,Sports Club,Guest Lecture,2024-10-14,ABSENT,4.0
REG-D5F1CA,STU-2295,MBA,Sports Club,Tech Symposium,2023-08-09,ABSENT,5.0
REG-9E5925,STU-1660,ECE,Cultural Committee,Tech Symposium,2024-10-14,PRESENT,1.0
REG-DCAF3C,STU-2555,CE,Robotics Society,Annual Sports Meet,2024-02-23,ABSENT,2.0
REG-57A642,STU-1798,EE,Cultural Committee,Annual Sports Meet,2023-03-10,LATE,1.0
REG-02DE75,STU-6001,CSE,Cultural Committee,RoboWars,2024-02-23,PRESENT,2.0
REG-5764FC,STU-9616,ECE,Sports Club,RoboWars,2024-04-15,LATE,5.0
REG-DE7A59,STU-5315,CSE,Coding Club,Guest Lecture,2024-10-14,ABSENT,2.0
REG-F11F83,STU-1238,EE,Sports Club,Tech Symposium,2023-12-23,PRESENT,3.0
REG-BCFAB4,STU-8611,CSE,Robotics Society,Guest Lecture,2024-10-04,ABSENT,3.0
REG-6DC301,STU-6767,ME,Sports Club,Guest Lecture,2024-03-28,PRESENT,5.0
REG-F1B775,STU-1266,ME,Robotics Society,RoboWars,2023-09-17,ABSENT,4.0
REG-D60B4D,STU-9693,UNKNOWN,Sports Club,Annual Sports Meet,2024-07-22,PRESENT,2.0
REG-72AD53,STU-8687,UNKNOWN,Sports Club,Annual Sports Meet,2023-02-08,LATE,3.0
REG-C015ED,STU-7750,UNKNOWN,Literature Society,RoboWars,2024-06-16,LATE,3.0
REG-AD517B,STU-4671,BBA,Sports Club,Hackathon 2024,2024-06-26,LATE,4.0
REG-FBB31A,STU-6032,CSE,Sports Club,Guest Lecture,2024-10-14,PRESENT,3.0
REG-EF4B11,STU-9897,ME,Cultural Committee,Hackathon 2024,2023-12-13,PRESENT,3.0
REG-8077CD,STU-2192,EE,Sports Club,Tech Symposium,2024-03-21,PRESENT,1.0
REG-ABBF7C,STU-5267,CE,Literature Society,Cultural Fest,2024-02-26,ABSENT,3.0
REG-D6EB1A,STU-3782,CSE,Cultural Committee,Tech Symposium,2024-09-19,PRESENT,4.0
REG-AB32D5,STU-8682,EE,Sports Club,Cultural Fest,2023-05-13,ABSENT,3.0
REG-E64FE2,STU-4726,EE,Cultural Committee,Hackathon 2024,2024-01-30,LATE,2.0
REG-285592,STU-6299,UNKNOWN,Sports Club,Annual Sports Meet,2023-09-14,PRESENT,4.0
REG-59EBDE,STU-6955,CE,Cultural Committee,Annual Sports Meet,2024-07-19,ABSENT,5.0
REG-0CF4A6,STU-3347,MBA,Cultural Committee,Annual Sports Meet,2024-09-24,LATE,4.0
REG-6FDF36,STU-2774,CSE,Sports Club,Hackathon 2024,2024-12-22,LATE,1.0
REG-F9DCD0,STU-6696,ECE,Literature Society,Annual Sports Meet,2024-11-06,PRESENT,3.0
REG-106DD6,STU-4002,ME,Literature Society,Tech Symposium,2023-09-08,PRESENT,1.0
REG-650517,STU-5755,CSE,Cultural Committee,Annual Sports Meet,2024-04-14,PRESENT,3.0
REG-84E855,STU-7529,UNKNOWN,Sports Club,Tech Symposium,2023-08-05,ABSENT,2.0
REG-F44F6D,STU-9010,UNKNOWN,Coding Club,Hackathon 2024,2023-03-22,ABSENT,2.0
REG-B789A0,STU-6225,BBA,Coding Club,Cultural Fest,2024-10-14,LATE,3.0
REG-5405B8,STU-9874,CSE,Literature Society,Guest Lecture,2024-12-28,ABSENT,3.0
REG-975E3F,STU-7460,ECE,Sports Club,Tech Symposium,2023-08-28,LATE,5.0
REG-3A66DB,STU-8581,CSE,Coding Club,Tech Symposium,2023-12-13,LATE,2.0
REG-1808DF,STU-6518,UNKNOWN,Sports Club,RoboWars,2024-07-10,PRESENT,3.0
REG-4BEC09,STU-9159,CSE,Sports Club,RoboWars,2024-05-31,ABSENT,3.0
REG-1B2140,STU-2095,CE,Cultural Committee,Annual Sports Meet,2024-08-19,LATE,5.0
REG-68E7FB,STU-7162,ECE,Cultural Committee,Cultural Fest,2024-04-22,LATE,4.0
REG-E3E5E4,STU-8144,CE,Robotics Society,Hackathon 2024,2024-03-07,LATE,3.0
REG-DE226B,STU-7155,BBA,Sports Club,Tech Symposium,2024-03-03,PRESENT,4.0
REG-447C37,STU-4435,UNKNOWN,Sports Club,Hackathon 2024,2023-05-01,ABSENT,5.0
REG-112122,STU-1171,UNKNOWN,Robotics Society,Guest Lecture,2024-03-08,ABSENT,1.0
REG-DD1939,STU-8529,ME,Robotics Society,Tech Symposium,2024-06-21,ABSENT,3.0
REG-F8FDA8,STU-1141,BBA,Robotics Society,Tech Symposium,2024-08-31,LATE,4.0
REG-6E52B6,STU-9649,ME,Sports Club,Annual Sports Meet,2023-06-28,ABSENT,3.0
REG-4CCB87,STU-5912,CE,Robotics Society,Hackathon 2024,2023-11-18,ABSENT,2.0
REG-FA5B5E,STU-4033,CSE,Literature Society,Cultural Fest,2023-07-30,ABSENT,3.0
REG-2D3FC1,STU-9455,BBA,Coding Club,Guest Lecture,2023-10-06,LATE,2.0
REG-C895C2,STU-6794,UNKNOWN,Robotics Society,Guest Lecture,2024-08-13,LATE,5.0
REG-6BEE8F,STU-7681,CSE,Cultural Committee,RoboWars,2023-09-19,PRESENT,5.0
REG-6FCFD8,STU-9120,MBA,Cultural Committee,Tech Symposium,2023-10-21,LATE,1.0
REG-9E62B9,STU-1756,ECE,Robotics Society,Annual Sports Meet,2024-11-14,PRESENT,3.0
REG-A6B423,STU-5333,EE,Literature Society,Tech Symposium,2024-01-19,ABSENT,5.0
REG-95CB03,STU-9641,MBA,Coding Club,Tech Symposium,2023-07-06,ABSENT,3.0
REG-674834,STU-2966,MBA,Sports Club,Hackathon 2024,2023-12-05,LATE,2.0
REG-0A60BF,STU-9889,CSE,Literature Society,Guest Lecture,2024-12-08,PRESENT,3.0
REG-559563,STU-1870,BBA,Coding Club,Guest Lecture,2023-02-24,ABSENT,3.0
REG-87BE4F,STU-6959,EE,Sports Club,Annual Sports Meet,2024-05-27,PRESENT,3.0
REG-10A95C,STU-2332,CE,Coding Club,Annual Sports Meet,2023-07-22,PRESENT,5.0
REG-430454,STU-5066,ECE,Cultural Committee,Hackathon 2024,2023-04-03,ABSENT,3.0
REG-DE2EDC,STU-3921,ECE,Literature Society,Guest Lecture,2023-06-16,LATE,2.0
REG-C0CC07,STU-9850,EE,Robotics Society,Annual Sports Meet,2023-05-06,ABSENT,5.0
REG-55A594,STU-8651,CSE,Sports Club,Cultural Fest,2023-03-17,PRESENT,3.0
REG-B2F630,STU-2728,BBA,Literature Society,Guest Lecture,2023-10-24,PRESENT,3.0
REG-E16C96,STU-6867,CE,Literature Society,Annual Sports Meet,2023-02-23,LATE,5.0
REG-40D1F7,STU-1595,CSE,Robotics Society,Tech Symposium,2024-04-07,PRESENT,5.0
REG-F63314,STU-7935,ECE,Coding Club,Guest Lecture,2023-01-22,ABSENT,3.0
REG-EA5308,STU-7715,MBA,Literature Society,Tech Symposium,2024-07-06,ABSENT,3.0
REG-F0F5BE,STU-8767,MBA,Coding Club,Guest Lecture,2023-01-07,PRESENT,1.0
REG-CDF938,STU-3525,MBA,Sports Club,Cultural Fest,2023-09-07,ABSENT,2.0
REG-F7FBFB,STU-1457,ECE,Robotics Society,RoboWars,2023-02-25,PRESENT,3.0
REG-A83422,STU-6121,CSE,Coding Club,Hackathon 2024,2024-01-22,ABSENT,5.0
REG-12FE09,STU-4028,EE,Robotics Society,Hackathon 2024,2024-02-26,PRESENT,2.0
REG-3D1261,STU-4285,CE,Cultural Committee,RoboWars,2023-11-01,ABSENT,2.0
REG-9BD05C,STU-4091,MBA,Coding Club,RoboWars,2024-01-02,PRESENT,1.0
REG-1D3F7B,STU-4355,CE,Literature Society,Tech Symposium,2024-09-03,ABSENT,3.0
REG-8C347A,STU-5285,UNKNOWN,Literature Society,RoboWars,2023-01-05,LATE,4.0
REG-886286,STU-8576,ECE,Literature Society,Tech Symposium,2023-08-26,LATE,1.0
REG-9EBBF7,STU-2876,UNKNOWN,Robotics Society,Guest Lecture,2023-05-15,ABSENT,2.0
REG-02FD99,STU-2353,ECE,Coding Club,Tech Symposium,2024-09-23,PRESENT,4.0
REG-6622A9,STU-7250,CSE,Sports Club,Tech Symposium,2023-09-15,PRESENT,1.0
REG-1D8283,STU-7336,MBA,Sports Club,Annual Sports Meet,2023-07-14,ABSENT,4.0
REG-BF2322,STU-1267,MBA,Literature Society,Guest Lecture,2024-05-19,PRESENT,3.0
REG-A82701,STU-4169,ME,Coding Club,Cultural Fest,2024-12-17,PRESENT,5.0
REG-69EE7C,STU-3572,ME,Sports Club,Tech Symposium,2023-10-22,ABSENT,5.0
REG-118795,STU-9577,UNKNOWN,Sports Club,RoboWars,2023-11-18,ABSENT,4.0
REG-E6C770,STU-2274,CSE,Literature Society,Tech Symposium,2023-12-17,LATE,3.0
REG-8221B4,STU-2869,CSE,Coding Club,Hackathon 2024,2023-06-29,ABSENT,4.0
REG-EE5C4E,STU-7960,CSE,Cultural Committee,Hackathon 2024,2023-07-23,PRESENT,3.0
REG-A91988,STU-7914,CE,Coding Club,RoboWars,2024-02-29,LATE,2.0
REG-300441,STU-8612,ECE,Literature Society,Annual Sports Meet,2024-05-09,LATE,3.0
REG-EA34BF,STU-3670,CE,Sports Club,Hackathon 2024,2023-07-27,ABSENT,1.0
REG-6A9338,STU-2561,MBA,Sports Club,Cultural Fest,2023-10-21,LATE,3.0
REG-35DEF5,STU-6532,ME,Sports Club,Annual Sports Meet,2024-05-03,ABSENT,5.0
REG-48F0C5,STU-3289,CSE,Robotics Society,Annual Sports Meet,2024-11-01,ABSENT,2.0
REG-F15E68,STU-7327,CSE,Sports Club,Hackathon 2024,2024-09-18,ABSENT,2.0
REG-326A03,STU-7048,CSE,Literature Society,Cultural Fest,2023-09-18,ABSENT,3.0
REG-97C6DF,STU-4118,CSE,Robotics Society,Cultural Fest,2023-03-03,LATE,5.0
REG-7E5F03,STU-8931,BBA,Literature Society,Hackathon 2024,2024-08-17,ABSENT,5.0
REG-BF52B2,STU-8788,ECE,Cultural Committee,Cultural Fest,2024-12-02,LATE,1.0
REG-19B7DB,STU-7206,CSE,Sports Club,Cultural Fest,2024-10-04,PRESENT,4.0
REG-D28E28,STU-3165,EE,Literature Society,Hackathon 2024,2023-10-25,LATE,2.0
REG-196E9F,STU-6652,MBA,Robotics Society,Hackathon 2024,2023-01-14,ABSENT,4.0
REG-9FE369,STU-8408,UNKNOWN,Coding Club,Tech Symposium,2023-05-20,ABSENT,3.0
REG-EEC234,STU-4932,EE,Literature Society,Tech Symposium,2023-02-02,LATE,4.0
REG-CFB9F9,STU-7108,CSE,Robotics Society,RoboWars,2024-08-28,ABSENT,3.0
REG-60B4A3,STU-7338,CSE,Coding Club,Tech Symposium,2024-11-30,LATE,1.0
REG-A6DCBC,STU-1613,ECE,Robotics Society,Tech Symposium,2024-03-05,ABSENT,3.0
REG-4AE849,STU-4802,EE,Robotics Society,Tech Symposium,2024-01-12,ABSENT,3.0
REG-A6C0E1,STU-7642,EE,Literature Society,Tech Symposium,2024-05-09,LATE,1.0
REG-F0F087,STU-9153,EE,Sports Club,Guest Lecture,2024-01-14,PRESENT,3.0
REG-A2059F,STU-6237,ECE,Cultural Committee,Guest Lecture,2024-12-16,LATE,2.0
REG-B15640,STU-1771,CSE,Cultural Committee,Hackathon 2024,2023-08-06,LATE,1.0
REG-C10399,STU-4944,CSE,Sports Club,Cultural Fest,2024-11-14,LATE,1.0
REG-F3E41E,STU-1371,EE,Literature Society,Cultural Fest,2024-10-12,PRESENT,3.0
REG-41B746,STU-9194,BBA,Sports Club,Guest Lecture,2024-10-01,ABSENT,4.0
REG-145884,STU-3730,CE,Coding Club,Annual Sports Meet,2024-09-26,ABSENT,2.0
REG-2472CC,STU-6754,BBA,Robotics Society,Hackathon 2024,2024-01-18,ABSENT,1.0
REG-BAE904,STU-6193,EE,Cultural Committee,Cultural Fest,2023-12-25,ABSENT,3.0
REG-EDE2D0,STU-8167,ME,Cultural Committee,Cultural Fest,2024-06-01,LATE,3.0
REG-1F9191,STU-4328,CSE,Robotics Society,Guest Lecture,2023-11-27,PRESENT,3.0
REG-F5DD5B,STU-6042,CE,Sports Club,Cultural Fest,2023-04-01,ABSENT,3.0
REG-088CA3,STU-6093,BBA,Robotics Society,Cultural Fest,2023-01-02,PRESENT,1.0
REG-72ADCF,STU-7719,UNKNOWN,Cultural Committee,Tech Symposium,2023-11-30,ABSENT,3.0
REG-25E4B6,STU-6197,EE,Literature Society,Cultural Fest,2024-10-01,ABSENT,3.0
REG-D73D14,STU-3106,CSE,Sports Club,Annual Sports Meet,2023-10-19,LATE,4.0
REG-DC7603,STU-7384,UNKNOWN,Robotics Society,Annual Sports Meet,2023-09-13,ABSENT,1.0
REG-7B0349,STU-6935,CSE,Cultural Committee,Annual Sports Meet,2023-08-13,ABSENT,4.0
REG-3747A2,STU-1937,CSE,Robotics Society,Guest Lecture,2024-08-08,PRESENT,3.0
REG-87A871,STU-6381,ME,Cultural Committee,Annual Sports Meet,2023-12-26,ABSENT,5.0
REG-689D22,STU-7764,BBA,Robotics Society,Annual Sports Meet,2023-09-06,PRESENT,5.0
REG-778F3B,STU-9009,CSE,Literature Society,Hackathon 2024,2023-01-21,ABSENT,3.0
REG-0390C2,STU-7904,ECE,Sports Club,Cultural Fest,2023-02-04,ABSENT,2.0
REG-13A882,STU-7614,ECE,Cultural Committee,RoboWars,2023-12-07,PRESENT,1.0
REG-3DCCA6,STU-4411,CE,Sports Club,Guest Lecture,2024-08-06,PRESENT,2.0
REG-FBCC69,STU-2343,ME,Coding Club,Tech Symposium,2023-08-14,LATE,3.0
REG-C2AE92,STU-2070,ME,Robotics Society,Tech Symposium,2023-06-02,LATE,3.0
REG-655FFC,STU-3573,ME,Robotics Society,Hackathon 2024,2023-10-13,PRESENT,5.0
REG-74166E,STU-7864,CSE,Sports Club,Cultural Fest,2023-11-19,LATE,5.0
REG-BA760F,STU-7932,CSE,Sports Club,Guest Lecture,2024-07-11,PRESENT,5.0
REG-E036E4,STU-3800,MBA,Cultural Committee,RoboWars,2023-06-28,ABSENT,3.0
REG-5E2A0A,STU-2755,EE,Coding Club,RoboWars,2024-02-06,LATE,3.0
REG-4320C5,STU-6140,ECE,Sports Club,Annual Sports Meet,2023-04-19,LATE,3.0
REG-407934,STU-5970,UNKNOWN,Coding Club,Guest Lecture,2024-04-25,PRESENT,5.0
REG-0C7757,STU-3684,BBA,Cultural Committee,Hackathon 2024,2024-06-28,PRESENT,4.0
REG-2C7E68,STU-2844,CE,Sports Club,Hackathon 2024,2024-03-20,ABSENT,4.0
REG-403E96,STU-3610,ECE,Literature Society,Hackathon 2024,2024-07-14,LATE,4.0
REG-B36072,STU-9991,MBA,Robotics Society,Tech Symposium,2023-07-28,PRESENT,3.0
REG-7FB6F6,STU-4562,UNKNOWN,Sports Club,Hackathon 2024,2023-05-04,PRESENT,3.0
REG-3197C1,STU-5429,BBA,Cultural Committee,RoboWars,2024-11-19,ABSENT,4.0
REG-FDC49F,STU-7138,CSE,Robotics Society,Annual Sports Meet,2023-05-26,ABSENT,1.0
REG-FA4043,STU-3422,ECE,Sports Club,Guest Lecture,2023-08-12,PRESENT,2.0
REG-95FE9B,STU-1603,ECE,Robotics Society,Hackathon 2024,2024-01-08,LATE,5.0
REG-CC2C55,STU-6387,CSE,Robotics Society,Guest Lecture,2024-11-18,LATE,5.0
REG-32844A,STU-2174,EE,Cultural Committee,Cultural Fest,2024-08-24,ABSENT,4.0
REG-5F2AD9,STU-4399,CSE,Sports Club,Hackathon 2024,2024-09-05,PRESENT,3.0
REG-1F9118,STU-5321,CSE,Sports Club,RoboWars,2023-01-25,ABSENT,3.0
REG-2EF09D,STU-2040,MBA,Robotics Society,Tech Symposium,2024-02-13,ABSENT,3.0
REG-97BED8,STU-3071,MBA,Sports Club,Tech Symposium,2024-02-04,ABSENT,5.0
REG-459A88,STU-1429,MBA,Literature Society,Hackathon 2024,2023-03-03,ABSENT,5.0
REG-8B7C21,STU-2479,ECE,Sports Club,Hackathon 2024,2024-07-03,PRESENT,3.0
REG-E9D7C4,STU-9138,CSE,Literature Society,Tech Symposium,2023-09-08,ABSENT,2.0
REG-D4566B,STU-6078,CSE,Sports Club,Cultural Fest,2023-06-02,ABSENT,2.0
REG-230050,STU-7501,BBA,Literature Society,Cultural Fest,2023-07-27,ABSENT,3.0
REG-317B80,STU-1222,BBA,Literature Society,Cultural Fest,2023-06-17,PRESENT,1.0
REG-F53AF6,STU-5378,EE,Robotics Society,Cultural Fest,2023-07-25,PRESENT,4.0
REG-29156E,STU-8486,ME,Literature Society,RoboWars,2024-07-27,LATE,1.0
REG-7FF606,STU-8702,ME,Robotics Society,Hackathon 2024,2023-11-18,LATE,3.0
REG-2D068D,STU-2269,MBA,Robotics Society,Guest Lecture,2023-03-19,LATE,1.0
REG-694681,STU-1776,CSE,Coding Club,Tech Symposium,2024-12-14,PRESENT,3.0
REG-706372,STU-2739,MBA,Literature Society,Guest Lecture,2023-06-13,LATE,4.0
REG-A54B5F,STU-3392,BBA,Cultural Committee,Cultural Fest,2024-05-02,PRESENT,3.0
REG-511248,STU-8554,CSE,Sports Club,Cultural Fest,2023-02-03,LATE,3.0
REG-E2DF84,STU-8256,ECE,Sports Club,Guest Lecture,2024-03-22,LATE,4.0
REG-D98ABB,STU-1657,EE,Robotics Society,Annual Sports Meet,2023-04-25,LATE,3.0
REG-3465B1,STU-1688,CSE,Coding Club,Tech Symposium,2023-07-01,LATE,1.0
REG-42BC81,STU-3420,CSE,Literature Society,Hackathon 2024,2024-01-31,ABSENT,3.0
REG-AEC822,STU-4500,EE,Cultural Committee,RoboWars,2023-04-06,ABSENT,3.0
REG-2A486A,STU-1618,CSE,Sports Club,Tech Symposium,2023-11-14,PRESENT,3.0
REG-19BE1C,STU-9222,UNKNOWN,Cultural Committee,Tech Symposium,2024-05-22,ABSENT,4.0
REG-3F5AF4,STU-8892,MBA,Robotics Society,Tech Symposium,2024-08-09,LATE,5.0
REG-BBEFFA,STU-3206,ME,Coding Club,Annual Sports Meet,2023-07-29,PRESENT,3.0
REG-716EF8,STU-5655,ECE,Literature Society,Guest Lecture,2024-06-19,ABSENT,5.0
REG-F471C1,STU-3552,CSE,Coding Club,Hackathon 2024,2023-12-25,ABSENT,5.0
REG-C53F9F,STU-6153,ME,Coding Club,Guest Lecture,2023-06-06,PRESENT,5.0
REG-E2E328,STU-7931,CSE,Cultural Committee,RoboWars,2024-05-04,LATE,3.0
REG-2960C0,STU-3536,EE,Literature Society,Guest Lecture,2024-02-14,ABSENT,1.0
REG-90B645,STU-2564,EE,Cultural Committee,Cultural Fest,2024-05-03,ABSENT,4.0
REG-E221CD,STU-8049,EE,Literature Society,Annual Sports Meet,2023-07-07,PRESENT,3.0
REG-9C8B88,STU-9165,ECE,Robotics Society,Annual Sports Meet,2023-07-09,PRESENT,3.0
REG-64C9C9,STU-9693,MBA,Cultural Committee,RoboWars,2023-10-04,LATE,3.0
REG-76BA1F,STU-5048,BBA,Cultural Committee,Tech Symposium,2024-08-23,ABSENT,5.0
REG-9BA576,STU-7897,MBA,Literature Society,Annual Sports Meet,2024-05-05,ABSENT,4.0
REG-F5667A,STU-4272,EE,Robotics Society,Tech Symposium,2024-12-16,ABSENT,3.0
REG-D5BA3C,STU-9420,MBA,Cultural Committee,Annual Sports Meet,2024-09-13,ABSENT,2.0
REG-927372,STU-3459,CSE,Cultural Committee,Tech Symposium,2024-09-24,LATE,4.0
REG-B2F2E1,STU-5529,CSE,Literature Society,RoboWars,2023-01-22,LATE,3.0
REG-D2373B,STU-3653,EE,Sports Club,Cultural Fest,2023-09-30,ABSENT,4.0
REG-8F61C2,STU-5122,CSE,Literature Society,Guest Lecture,2023-10-25,PRESENT,3.0
REG-6CAC30,STU-1771,UNKNOWN,Literature Society,Guest Lecture,2023-10-24,LATE,5.0
REG-88297F,STU-4785,MBA,Sports Club,RoboWars,2024-03-09,PRESENT,3.0
REG-D1B420,STU-5845,EE,Cultural Committee,Guest Lecture,2023-05-05,PRESENT,3.0
REG-0C1EFD,STU-6705,CE,Cultural Committee,RoboWars,2023-11-08,LATE,4.0
REG-5203B0,STU-6600,UNKNOWN,Robotics Society,Guest Lecture,2023-05-18,PRESENT,2.0
REG-9FADE2,STU-4487,UNKNOWN,Cultural Committee,Tech Symposium,2023-09-02,PRESENT,4.0
REG-4F0474,STU-9109,CE,Robotics Society,RoboWars,2023-11-01,LATE,3.0
REG-B0E207,STU-9928,MBA,Sports Club,Hackathon 2024,2024-05-16,ABSENT,4.0
REG-E2B43F,STU-9821,ME,Robotics Society,Hackathon 2024,2023-12-23,PRESENT,3.0
REG-5CC632,STU-9913,MBA,Sports Club,Hackathon 2024,2024-06-17,LATE,4.0
REG-4A7D6C,STU-8000,BBA,Cultural Committee,Annual Sports Meet,2023-11-03,PRESENT,3.0
REG-BEA0B7,STU-9624,ECE,Cultural Committee,Guest Lecture,2024-05-13,PRESENT,3.0
REG-EE1D5C,STU-1193,CSE,Cultural Committee,Annual Sports Meet,2023-11-25,ABSENT,3.0
REG-AEB311,STU-3871,ME,Cultural Committee,Guest Lecture,2023-01-23,PRESENT,3.0
REG-7C60C8,STU-1980,EE,Sports Club,Annual Sports Meet,2024-10-13,ABSENT,3.0
REG-652C99,STU-2007,BBA,Literature Society,Tech Symposium,2024-09-29,PRESENT,5.0
REG-65FBDC,STU-1630,CSE,Cultural Committee,RoboWars,2023-07-13,PRESENT,1.0
REG-12E2E6,STU-5501,ME,Literature Society,RoboWars,2024-01-17,ABSENT,3.0
REG-0C3613,STU-9960,MBA,Literature Society,Cultural Fest,2024-09-09,ABSENT,3.0
REG-52C2C6,STU-8413,ME,Coding Club,Annual Sports Meet,2024-04-29,PRESENT,3.0
REG-E2C6D4,STU-6699,BBA,Literature Society,RoboWars,2024-08-15,LATE,3.0
REG-7D5BDB,STU-4931,CSE,Sports Club,Hackathon 2024,2024-05-15,LATE,3.0
REG-06FCEF,STU-5832,MBA,Robotics Society,Tech Symposium,2024-08-01,ABSENT,1.0
REG-2CD359,STU-7860,CE,Cultural Committee,Hackathon 2024,2024-02-23,PRESENT,1.0
REG-9FC7E2,STU-5736,BBA,Cultural Committee,RoboWars,2023-05-02,LATE,4.0
REG-C075E2,STU-8163,CSE,Cultural Committee,Hackathon 2024,2023-12-04,ABSENT,3.0
REG-70F31C,STU-9139,BBA,Sports Club,RoboWars,2023-11-16,PRESENT,2.0
REG-BAD3D8,STU-7495,CSE,Cultural Committee,Tech Symposium,2023-12-17,LATE,3.0
REG-8A1DC2,STU-8638,CSE,Coding Club,Annual Sports Meet,2023-06-02,LATE,3.0
REG-574F8B,STU-4475,MBA,Cultural Committee,Tech Symposium,2023-09-10,LATE,2.0
REG-1F7B99,STU-5992,MBA,Coding Club,Cultural Fest,2024-01-04,PRESENT,3.0
REG-165270,STU-6527,CE,Coding Club,RoboWars,2023-06-27,ABSENT,1.0
REG-F27CB5,STU-4361,BBA,Sports Club,Cultural Fest,2024-03-13,LATE,3.0
REG-AB6205,STU-8514,CSE,Cultural Committee,Guest Lecture,2023-03-03,LATE,3.0
REG-D3652E,STU-8249,CE,Coding Club,Tech Symposium,2024-02-27,PRESENT,4.0
REG-C17727,STU-4293,CSE,Robotics Society,Hackathon 2024,2024-05-04,PRESENT,3.0
REG-B8A237,STU-2065,UNKNOWN,Literature Society,Annual Sports Meet,2024-07-10,ABSENT,4.0
REG-61AE54,STU-8818,CSE,Robotics Society,Hackathon 2024,2023-10-19,LATE,2.0
REG-4BB6EA,STU-8168,CSE,Literature Society,Tech Symposium,2024-02-06,ABSENT,3.0
REG-BE048B,STU-7851,ECE,Sports Club,Annual Sports Meet,2024-08-12,ABSENT,5.0
REG-D03773,STU-6031,CSE,Cultural Committee,Cultural Fest,2024-06-25,ABSENT,3.0
REG-727FB0,STU-1168,CSE,Robotics Society,Guest Lecture,2023-10-09,PRESENT,3.0
REG-ADF949,STU-4323,MBA,Cultural Committee,Cultural Fest,2023-09-20,LATE,3.0
REG-E8908B,STU-5603,EE,Cultural Committee,RoboWars,2024-08-13,PRESENT,5.0
REG-B652D7,STU-3609,CSE,Coding Club,Cultural Fest,2024-03-03,ABSENT,1.0
REG-D8E322,STU-8935,ECE,Robotics Society,Cultural Fest,2024-07-13,ABSENT,3.0
REG-EF7B82,STU-5651,BBA,Cultural Committee,Hackathon 2024,2024-01-30,PRESENT,1.0
REG-7CCE10,STU-6408,CE,Literature Society,Guest Lecture,2023-02-10,ABSENT,3.0
REG-46BB2D,STU-3278,MBA,Cultural Committee,Annual Sports Meet,2023-01-30,PRESENT,4.0
REG-C9FBFF,STU-6091,UNKNOWN,Robotics Society,Annual Sports Meet,2023-09-05,ABSENT,5.0
REG-3E6872,STU-7903,EE,Cultural Committee,Annual Sports Meet,2024-06-03,LATE,5.0
REG-64B29A,STU-2134,CSE,Literature Society,Guest Lecture,2023-09-26,PRESENT,5.0
REG-2A5728,STU-9828,BBA,Robotics Society,RoboWars,2024-12-09,PRESENT,4.0
REG-65826A,STU-7844,BBA,Cultural Committee,RoboWars,2023-01-10,LATE,5.0
REG-85504C,STU-2587,MBA,Robotics Society,RoboWars,2023-02-04,LATE,3.0
REG-2F582E,STU-1690,ECE,Sports Club,Guest Lecture,2023-04-29,ABSENT,2.0
REG-367CFB,STU-9559,CSE,Coding Club,Guest Lecture,2024-10-12,LATE,5.0
REG-641EE5,STU-4239,EE,Sports Club,Guest Lecture,2023-06-27,LATE,4.0
REG-88818A,STU-2028,CE,Robotics Society,Tech Symposium,2023-05-31,PRESENT,4.0
REG-D91F3E,STU-5624,MBA,Coding Club,Guest Lecture,2024-02-26,LATE,3.0
REG-CE1F6C,STU-2003,EE,Cultural Committee,RoboWars,2024-08-27,LATE,4.0
REG-E62DF2,STU-7321,CSE,Cultural Committee,Annual Sports Meet,2024-12-20,ABSENT,5.0
REG-FD1D7C,STU-5675,CE,Coding Club,Tech Symposium,2024-03-17,LATE,2.0
REG-1C3432,STU-3373,EE,Sports Club,Tech Symposium,2024-11-08,ABSENT,5.0
REG-0D9B0F,STU-7226,BBA,Coding Club,Tech Symposium,2023-03-06,ABSENT,4.0
REG-DAF262,STU-6513,UNKNOWN,Literature Society,RoboWars,2023-02-22,PRESENT,5.0
REG-D5FD1B,STU-7589,CSE,Sports Club,Hackathon 2024,2023-05-29,LATE,3.0
REG-302CCF,STU-8193,UNKNOWN,Sports Club,Cultural Fest,2023-07-12,LATE,5.0
REG-348C6C,STU-7336,EE,Sports Club,RoboWars,2023-09-28,ABSENT,3.0
REG-C402BC,STU-7316,UNKNOWN,Sports Club,Hackathon 2024,2024-02-27,ABSENT,1.0
REG-2C63E6,STU-1379,CSE,Coding Club,RoboWars,2023-08-15,ABSENT,3.0
REG-D0EB90,STU-6276,ECE,Cultural Committee,Tech Symposium,2024-02-18,ABSENT,1.0
REG-EDE979,STU-3896,ME,Cultural Committee,Tech Symposium,2024-10-25,PRESENT,3.0
REG-7B1115,STU-1479,EE,Cultural Committee,Guest Lecture,2024-09-24,ABSENT,3.0
REG-46ACBC,STU-1214,CSE,Cultural Committee,Guest Lecture,2023-05-08,ABSENT,3.0
REG-4F88C1,STU-7535,EE,Robotics Society,Cultural Fest,2023-09-12,LATE,1.0
REG-6DC130,STU-7780,UNKNOWN,Robotics Society,Annual Sports Meet,2024-12-23,ABSENT,2.0
REG-68F3E5,STU-1043,CE,Sports Club,Tech Symposium,2024-01-28,ABSENT,4.0
REG-B79FF0,STU-5847,MBA,Literature Society,Hackathon 2024,2023-07-29,LATE,4.0
REG-804C87,STU-2670,ECE,Coding Club,Guest Lecture,2024-02-08,PRESENT,3.0
REG-F24830,STU-7017,UNKNOWN,Literature Society,Tech Symposium,2024-10-27,PRESENT,3.0
REG-026A89,STU-5846,BBA,Coding Club,Annual Sports Meet,2023-01-25,PRESENT,4.0
REG-0ED2EA,STU-2920,CSE,Coding Club,RoboWars,2023-07-17,PRESENT,4.0
REG-AD9A56,STU-4122,ECE,Literature Society,Guest Lecture,2023-08-16,ABSENT,4.0
REG-E81E91,STU-1455,MBA,Literature Society,Hackathon 2024,2023-01-06,LATE,2.0
REG-DE18A2,STU-1119,ME,Cultural Committee,Cultural Fest,2024-03-05,ABSENT,3.0
REG-954456,STU-9781,UNKNOWN,Robotics Society,Guest Lecture,2023-12-01,ABSENT,3.0
REG-817B6C,STU-1951,BBA,Literature Society,Tech Symposium,2024-06-18,PRESENT,5.0
REG-55FE0F,STU-6827,CSE,Sports Club,Annual Sports Meet,2023-04-08,ABSENT,3.0
REG-027A4D,STU-8000,UNKNOWN,Coding Club,Annual Sports Meet,2023-05-05,ABSENT,1.0
REG-B0FB0A,STU-2731,ECE,Coding Club,Hackathon 2024,2023-05-29,PRESENT,1.0
REG-262B1C,STU-1545,EE,Robotics Society,Guest Lecture,2023-07-15,ABSENT,1.0
REG-69C1B0,STU-5826,MBA,Coding Club,Guest Lecture,2023-03-07,PRESENT,1.0
REG-0B0329,STU-2099,CSE,Cultural Committee,Tech Symposium,2023-01-21,ABSENT,3.0
REG-90AEE9,STU-4733,CE,Robotics Society,Cultural Fest,2023-04-25,ABSENT,5.0
REG-35C1ED,STU-6238,UNKNOWN,Literature Society,Hackathon 2024,2023-09-27,PRESENT,3.0
REG-91E837,STU-5885,ME,Cultural Committee,Annual Sports Meet,2023-10-26,LATE,3.0
REG-FEB9BF,STU-4672,MBA,Sports Club,RoboWars,2023-02-20,PRESENT,5.0
REG-1A666A,STU-3441,MBA,Literature Society,Annual Sports Meet,2024-09-16,PRESENT,3.0
REG-F6FDBA,STU-2275,UNKNOWN,Literature Society,Hackathon 2024,2024-07-28,PRESENT,2.0
REG-9EC372,STU-9762,MBA,Coding Club,RoboWars,2023-10-09,ABSENT,3.0
REG-439B38,STU-6093,EE,Sports Club,Hackathon 2024,2024-09-01,LATE,3.0
REG-9CE16A,STU-7803,CSE,Robotics Society,Annual Sports Meet,2024-12-30,ABSENT,3.0
REG-35D355,STU-4880,CE,Robotics Society,Cultural Fest,2024-02-21,ABSENT,5.0
REG-5BC7C5,STU-6782,CSE,Sports Club,Tech Symposium,2024-08-14,PRESENT,2.0
REG-7C0610,STU-9015,MBA,Coding Club,RoboWars,2023-11-22,LATE,4.0
REG-69325D,STU-6950,ME,Literature Society,RoboWars,2024-01-07,LATE,3.0
REG-AAD372,STU-1555,CSE,Cultural Committee,Guest Lecture,2023-01-11,PRESENT,3.0
REG-F07CB0,STU-1405,BBA,Coding Club,Tech Symposium,2024-05-23,LATE,3.0
REG-6BC790,STU-2021,MBA,Literature Society,Cultural Fest,2023-05-21,PRESENT,1.0
REG-9D9D4A,STU-5048,CSE,Literature Society,Guest Lecture,2024-03-24,PRESENT,2.0
REG-32B6B5,STU-7586,UNKNOWN,Sports Club,RoboWars,2024-12-30,LATE,2.0
REG-868FCD,STU-1008,MBA,Cultural Committee,Annual Sports Meet,2024-11-10,LATE,4.0
REG-D643A2,STU-9554,EE,Sports Club,Annual Sports Meet,2024-05-26,ABSENT,3.0
REG-CDDCC5,STU-1798,MBA,Literature Society,Tech Symposium,2024-07-20,LATE,3.0
REG-B12356,STU-5488,CSE,Robotics Society,Cultural Fest,2024-12-02,PRESENT,2.0
REG-A66BE5,STU-7234,CSE,Robotics Society,Cultural Fest,2024-02-16,PRESENT,3.0
REG-CBEF6F,STU-1287,EE,Sports Club,Hackathon 2024,2023-05-16,ABSENT,3.0
REG-408B84,STU-2471,CSE,Cultural Committee,Guest Lecture,2024-01-29,PRESENT,4.0
REG-0EEDB3,STU-7482,CE,Sports Club,Tech Symposium,2024-07-17,LATE,3.0
REG-6783F6,STU-1241,CSE,Sports Club,Annual Sports Meet,2024-09-09,ABSENT,3.0
REG-F81A38,STU-4184,MBA,Sports Club,Cultural Fest,2024-11-29,PRESENT,1.0
REG-ACE937,STU-9052,CSE,Literature Society,Guest Lecture,2023-06-22,LATE,3.0
REG-269ACC,STU-4423,CSE,Sports Club,Guest Lecture,2024-06-19,PRESENT,3.0
REG-ECC9B1,STU-2516,EE,Robotics Society,Tech Symposium,2023-07-24,LATE,2.0
REG-FBEF1E,STU-6813,EE,Coding Club,RoboWars,2024-10-30,PRESENT,3.0
REG-5D3BF7,STU-6661,CSE,Coding Club,Guest Lecture,2023-08-24,ABSENT,4.0
REG-7C7A50,STU-6792,MBA,Sports Club,Guest Lecture,2024-04-29,LATE,4.0
REG-201567,STU-6218,CSE,Sports Club,Guest Lecture,2023-06-19,PRESENT,1.0
REG-7C0332,STU-7896,ECE,Literature Society,Annual Sports Meet,2023-01-21,ABSENT,3.0
REG-E600A3,STU-7910,CSE,Cultural Committee,Tech Symposium,2023-03-29,ABSENT,1.0
REG-3F136A,STU-7052,UNKNOWN,Robotics Society,Hackathon 2024,2024-01-13,ABSENT,4.0
REG-A8238A,STU-9216,CSE,Robotics Society,Hackathon 2024,2023-03-10,PRESENT,1.0
REG-7C3D89,STU-5269,UNKNOWN,Cultural Committee,Cultural Fest,2023-05-01,ABSENT,5.0
REG-F809E2,STU-4867,BBA,Coding Club,Tech Symposium,2024-09-13,LATE,4.0
REG-BC2B89,STU-4495,BBA,Cultural Committee,Hackathon 2024,2024-10-11,PRESENT,4.0
REG-B21583,STU-1928,UNKNOWN,Literature Society,Cultural Fest,2023-11-30,PRESENT,5.0
REG-D7EBC4,STU-6240,CSE,Coding Club,Hackathon 2024,2024-02-11,ABSENT,2.0
REG-A1E53B,STU-4802,ME,Coding Club,Tech Symposium,2024-10-02,ABSENT,3.0
REG-CFFD80,STU-9814,ECE,Literature Society,Annual Sports Meet,2023-04-03,PRESENT,3.0
REG-58E36D,STU-5261,CSE,Literature Society,Annual Sports Meet,2024-06-14,ABSENT,3.0
REG-6E5D8E,STU-7634,CSE,Coding Club,Cultural Fest,2024-10-26,ABSENT,1.0
REG-61E1DA,STU-7690,CSE,Literature Society,RoboWars,2024-07-12,PRESENT,3.0
REG-AC90C5,STU-2625,CSE,Robotics Society,RoboWars,2023-11-03,LATE,2.0
REG-5B5476,STU-1383,CSE,Sports Club,RoboWars,2024-04-03,LATE,5.0
REG-811202,STU-9664,EE,Robotics Society,Hackathon 2024,2024-07-20,LATE,3.0
REG-6F1563,STU-8213,CE,Coding Club,Tech Symposium,2024-04-24,LATE,3.0
REG-57B84E,STU-4849,CSE,Cultural Committee,Tech Symposium,2023-02-17,ABSENT,5.0
REG-F84270,STU-3860,CSE,Cultural Committee,Cultural Fest,2024-03-22,LATE,5.0
REG-D847EE,STU-1547,BBA,Robotics Society,RoboWars,2024-10-27,PRESENT,5.0
REG-DB8850,STU-8108,ME,Cultural Committee,Annual Sports Meet,2023-08-18,LATE,3.0
REG-FD49F5,STU-1705,CSE,Robotics Society,Guest Lecture,2023-09-19,ABSENT,5.0
REG-1845F9,STU-8432,CSE,Coding Club,Cultural Fest,2024-03-25,PRESENT,3.0
REG-6CCA6C,STU-6719,UNKNOWN,Literature Society,Tech Symposium,2024-11-22,LATE,3.0
REG-29DA82,STU-9043,UNKNOWN,Cultural Committee,Hackathon 2024,2023-01-02,LATE,3.0
REG-46BCB3,STU-9395,ECE,Robotics Society,Hackathon 2024,2023-01-31,PRESENT,3.0
REG-05E81D,STU-3337,CSE,Cultural Committee,Hackathon 2024,2023-07-08,LATE,3.0
REG-D2EB69,STU-8981,CE,Coding Club,Cultural Fest,2024-11-27,LATE,1.0
REG-8BE58C,STU-2759,BBA,Sports Club,Cultural Fest,2024-12-03,ABSENT,3.0
REG-4EB8CD,STU-9396,BBA,Robotics Society,Guest Lecture,2023-11-11,LATE,3.0
REG-F9A390,STU-4878,EE,Robotics Society,Annual Sports Meet,2024-03-30,PRESENT,2.0
REG-EBDB08,STU-8448,ME,Literature Society,Annual Sports Meet,2024-03-14,LATE,3.0
REG-13A346,STU-4537,ECE,Coding Club,Annual Sports Meet,2023-11-15,LATE,3.0
REG-983A06,STU-4573,BBA,Literature Society,Hackathon 2024,2024-08-01,ABSENT,1.0
REG-5A4416,STU-7312,CSE,Coding Club,Hackathon 2024,2024-07-05,LATE,3.0
REG-C78BFA,STU-7528,CSE,Robotics Society,Tech Symposium,2024-11-06,LATE,1.0
REG-FA02E2,STU-6451,BBA,Sports Club,Guest Lecture,2024-12-30,LATE,3.0
REG-D06DEE,STU-6697,CE,Coding Club,RoboWars,2023-06-16,LATE,2.0
REG-C9CE95,STU-9820,CSE,Cultural Committee,RoboWars,2023-06-03,PRESENT,3.0
REG-4116A7,STU-1831,ECE,Sports Club,Guest Lecture,2024-05-26,PRESENT,4.0
REG-83BB68,STU-1070,ME,Cultural Committee,Guest Lecture,2024-12-31,LATE,2.0
REG-A00D32,STU-3611,ECE,Literature Society,Guest Lecture,2023-10-26,PRESENT,1.0
REG-7C0EB6,STU-2077,BBA,Cultural Committee,Cultural Fest,2024-04-15,ABSENT,4.0
REG-896309,STU-9739,BBA,Coding Club,Cultural Fest,2024-06-22,PRESENT,1.0
REG-91BEF8,STU-3033,CE,Robotics Society,Hackathon 2024,2023-08-13,LATE,4.0
REG-5C9A8C,STU-9957,CSE,Sports Club,Tech Symposium,2024-03-04,LATE,5.0
REG-D15D19,STU-5908,ECE,Robotics Society,Tech Symposium,2023-02-05,ABSENT,3.0
REG-51314F,STU-6065,CSE,Cultural Committee,Hackathon 2024,2023-05-07,LATE,5.0
REG-4F0C9B,STU-3297,MBA,Cultural Committee,Guest Lecture,2023-12-28,PRESENT,5.0
REG-8B90E9,STU-8356,ME,Literature Society,Tech Symposium,2024-11-16,ABSENT,3.0
REG-63D2D0,STU-4151,CE,Robotics Society,Cultural Fest,2023-12-17,PRESENT,3.0
REG-BE0B76,STU-9705,UNKNOWN,Coding Club,Annual Sports Meet,2023-11-15,ABSENT,3.0
REG-E79681,STU-7972,BBA,Coding Club,RoboWars,2023-03-06,LATE,5.0
REG-AB7A49,STU-5887,UNKNOWN,Cultural Committee,RoboWars,2024-09-05,ABSENT,3.0
REG-B5B39F,STU-2704,ECE,Cultural Committee,Guest Lecture,2023-07-26,LATE,5.0
REG-1303BC,STU-4586,CSE,Coding Club,Guest Lecture,2023-06-06,PRESENT,3.0
REG-3B4E07,STU-8893,CSE,Coding Club,Annual Sports Meet,2023-11-04,PRESENT,3.0
REG-EF64B9,STU-6277,ECE,Sports Club,Hackathon 2024,2024-10-20,PRESENT,1.0
REG-FDADD7,STU-2833,EE,Robotics Society,Guest Lecture,2023-06-10,LATE,2.0
REG-978D82,STU-7293,CSE,Sports Club,Annual Sports Meet,2023-07-22,ABSENT,3.0
REG-C2F8A4,STU-1422,MBA,Literature Society,Hackathon 2024,2023-05-05,ABSENT,5.0
REG-B1A93B,STU-4079,CSE,Cultural Committee,Hackathon 2024,2024-07-10,LATE,1.0
REG-02F568,STU-3869,BBA,Robotics Society,Guest Lecture,2024-03-29,PRESENT,5.0
REG-A642A8,STU-6535,CSE,Coding Club,Cultural Fest,2024-03-15,PRESENT,5.0
REG-9CD7C9,STU-7917,CSE,Literature Society,Hackathon 2024,2024-12-12,PRESENT,2.0
REG-A6589F,STU-8650,ECE,Cultural Committee,Guest Lecture,2024-05-13,PRESENT,3.0
REG-173A0B,STU-9692,ECE,Coding Club,Guest Lecture,2024-08-23,ABSENT,4.0
REG-AE6999,STU-6102,ECE,Cultural Committee,Annual Sports Meet,2024-05-26,LATE,5.0
REG-A43C84,STU-2384,ME,Robotics Society,Hackathon 2024,2023-05-29,LATE,3.0
REG-269FE6,STU-3932,ME,Literature Society,Cultural Fest,2023-07-30,PRESENT,1.0
REG-ADC276,STU-4354,EE,Coding Club,Hackathon 2024,2023-12-16,LATE,1.0
REG-AA61E0,STU-2937,CSE,Literature Society,Annual Sports Meet,2023-09-30,ABSENT,1.0
REG-B6062A,STU-1271,MBA,Robotics Society,Cultural Fest,2024-10-09,PRESENT,5.0
REG-3D1E9E,STU-7743,ME,Literature Society,Guest Lecture,2024-02-23,ABSENT,3.0
REG-90DD1A,STU-5801,CSE,Literature Society,Tech Symposium,2023-08-13,PRESENT,2.0
REG-9E991F,STU-6190,ME,Coding Club,RoboWars,2024-05-01,PRESENT,4.0
REG-70E27F,STU-4327,CSE,Coding Club,Annual Sports Meet,2023-09-15,ABSENT,2.0
REG-995B65,STU-3192,EE,Coding Club,Guest Lecture,2024-08-17,LATE,3.0
REG-5C8A97,STU-7811,BBA,Sports Club,Annual Sports Meet,2023-11-23,PRESENT,5.0
REG-600D62,STU-3511,CE,Robotics Society,Cultural Fest,2024-04-15,PRESENT,3.0
REG-266B10,STU-6382,CSE,Coding Club,Cultural Fest,2023-10-03,ABSENT,2.0
REG-A6440C,STU-1105,UNKNOWN,Coding Club,Guest Lecture,2023-08-27,PRESENT,3.0
REG-8C8B07,STU-6313,CE,Cultural Committee,Tech Symposium,2023-01-16,PRESENT,2.0
REG-F8E95D,STU-7428,EE,Robotics Society,Annual Sports Meet,2024-03-10,ABSENT,2.0
REG-4B378E,STU-8909,CSE,Robotics Society,Cultural Fest,2023-10-07,PRESENT,3.0
REG-163936,STU-9930,CSE,Cultural Committee,RoboWars,2024-06-17,LATE,2.0
REG-5CBB35,STU-5839,MBA,Literature Society,Cultural Fest,2024-01-13,PRESENT,5.0
REG-4DCBAE,STU-8831,CSE,Sports Club,Tech Symposium,2024-12-02,LATE,1.0
REG-2BC395,STU-4466,CSE,Cultural Committee,Guest Lecture,2024-02-04,PRESENT,3.0
REG-21D8DD,STU-4972,CE,Literature Society,Tech Symposium,2024-10-16,PRESENT,3.0
REG-2A17F8,STU-5233,ECE,Cultural Committee,Tech Symposium,2024-02-09,PRESENT,2.0
REG-F2ECD5,STU-7645,ME,Sports Club,Guest Lecture,2023-03-16,LATE,3.0
REG-792BD4,STU-7010,ECE,Sports Club,Annual Sports Meet,2024-04-06,PRESENT,3.0
REG-488B74,STU-4461,CE,Coding Club,Cultural Fest,2023-03-23,ABSENT,3.0
REG-B8C08A,STU-5123,CE,Sports Club,Annual Sports Meet,2023-07-10,PRESENT,5.0
REG-773191,STU-3878,CSE,Robotics Society,Tech Symposium,2023-10-25,LATE,3.0
REG-596918,STU-4658,UNKNOWN,Sports Club,RoboWars,2024-03-15,LATE,1.0
REG-956335,STU-4194,UNKNOWN,Cultural Committee,RoboWars,2023-04-26,ABSENT,3.0
REG-9A4586,STU-1096,CSE,Coding Club,Cultural Fest,2024-12-20,PRESENT,3.0
REG-5601D5,STU-6682,EE,Literature Society,Hackathon 2024,2023-12-28,ABSENT,3.0
REG-60FEAE,STU-7252,CSE,Cultural Committee,Hackathon 2024,2024-04-29,PRESENT,3.0
REG-A9DF55,STU-1039,ECE,Literature Society,RoboWars,2023-01-22,ABSENT,2.0
REG-FB997A,STU-5590,CE,Coding Club,Annual Sports Meet,2023-03-03,LATE,3.0
REG-471EBE,STU-4811,CSE,Literature Society,Cultural Fest,2023-07-25,PRESENT,5.0
REG-CD3BDD,STU-1059,ME,Sports Club,Cultural Fest,2024-12-25,PRESENT,3.0
REG-680740,STU-1664,CSE,Cultural Committee,Cultural Fest,2023-12-07,ABSENT,5.0
REG-C72518,STU-7273,MBA,Robotics Society,Cultural Fest,2023-06-15,PRESENT,3.0
REG-5317C8,STU-1687,CSE,Robotics Society,Guest Lecture,2024-08-31,ABSENT,5.0
REG-FA0C8B,STU-1941,CSE,Literature Society,Hackathon 2024,2024-01-31,LATE,3.0
REG-88BC00,STU-5067,ME,Robotics Society,Annual Sports Meet,2023-08-18,PRESENT,2.0
REG-C8D1FF,STU-2634,ECE,Cultural Committee,Hackathon 2024,2024-08-01,LATE,2.0
REG-8B6003,STU-2063,ME,Cultural Committee,RoboWars,2023-09-26,PRESENT,3.0
REG-65948A,STU-6912,UNKNOWN,Literature Society,Tech Symposium,2023-11-09,ABSENT,4.0
REG-6B5BA8,STU-3819,BBA,Sports Club,Cultural Fest,2023-10-21,PRESENT,3.0
REG-47E4AB,STU-1926,MBA,Coding Club,Annual Sports Meet,2023-12-26,LATE,1.0
REG-82D393,STU-2814,BBA,Cultural Committee,RoboWars,2024-04-17,LATE,3.0
REG-4113CA,STU-8918,CE,Robotics Society,Hackathon 2024,2023-05-10,PRESENT,5.0
REG-98C93F,STU-9486,MBA,Robotics Society,Guest Lecture,2024-04-16,ABSENT,1.0
REG-6EADB6,STU-8285,CE,Coding Club,Tech Symposium,2024-10-27,PRESENT,3.0
REG-02D708,STU-8875,ME,Literature Society,Guest Lecture,2024-01-27,PRESENT,1.0
REG-FD8C08,STU-4650,ME,Cultural Committee,Annual Sports Meet,2023-09-20,PRESENT,4.0
REG-217F61,STU-7909,EE,Literature Society,Tech Symposium,2024-02-18,PRESENT,3.0
REG-A40C88,STU-2150,CSE,Cultural Committee,Tech Symposium,2024-08-16,ABSENT,1.0
REG-B50416,STU-9738,EE,Literature Society,Guest Lecture,2024-07-17,ABSENT,4.0
REG-D61B53,STU-5781,CSE,Robotics Society,RoboWars,2023-09-10,LATE,3.0
REG-475030,STU-8538,CSE,Literature Society,Guest Lecture,2023-03-30,LATE,3.0
REG-C25F71,STU-9238,CSE,Coding Club,RoboWars,2024-12-15,LATE,5.0
REG-09E48A,STU-4715,ME,Cultural Committee,Cultural Fest,2023-12-29,PRESENT,3.0
REG-6D0444,STU-5630,CSE,Cultural Committee,Annual Sports Meet,2023-02-08,LATE,3.0
REG-3B8349,STU-1080,CSE,Sports Club,RoboWars,2024-08-06,PRESENT,3.0
REG-86FD32,STU-7952,BBA,Sports Club,Guest Lecture,2023-03-16,LATE,3.0
REG-59E457,STU-3662,UNKNOWN,Literature Society,RoboWars,2023-08-15,ABSENT,3.0
REG-1E8EF5,STU-2285,CSE,Cultural Committee,Guest Lecture,2024-10-29,ABSENT,4.0
REG-5E59F4,STU-1004,CSE,Coding Club,Annual Sports Meet,2023-05-16,PRESENT,5.0
REG-B6CF36,STU-4177,EE,Coding Club,Tech Symposium,2024-09-21,PRESENT,4.0
REG-08F101,STU-1877,ECE,Sports Club,Cultural Fest,2024-05-09,PRESENT,3.0
REG-8325C5,STU-6534,ME,Sports Club,Tech Symposium,2023-11-07,ABSENT,3.0
REG-96BBCC,STU-8879,CSE,Coding Club,Guest Lecture,2024-06-20,PRESENT,5.0
REG-0E7AA7,STU-1667,UNKNOWN,Robotics Society,Hackathon 2024,2024-12-29,PRESENT,3.0
REG-B63ED5,STU-5268,CSE,Sports Club,RoboWars,2023-10-27,LATE,5.0
REG-C0D634,STU-5749,EE,Literature Society,Guest Lecture,2023-10-11,LATE,2.0
REG-69F43F,STU-2438,MBA,Sports Club,Tech Symposium,2023-02-12,LATE,5.0
REG-0FDAA9,STU-1254,MBA,Cultural Committee,Cultural Fest,2024-09-30,LATE,3.0
REG-6BE047,STU-8451,MBA,Robotics Society,Annual Sports Meet,2024-11-19,ABSENT,5.0
REG-906EFF,STU-2311,UNKNOWN,Cultural Committee,RoboWars,2024-10-10,PRESENT,2.0
REG-14C04A,STU-9989,CSE,Literature Society,Annual Sports Meet,2024-03-24,ABSENT,3.0
REG-5B8132,STU-7805,CE,Cultural Committee,Annual Sports Meet,2023-05-20,ABSENT,1.0
REG-78113D,STU-2694,CSE,Cultural Committee,Annual Sports Meet,2024-03-13,ABSENT,3.0
REG-C428D7,STU-8682,UNKNOWN,Cultural Committee,Tech Symposium,2024-10-07,LATE,5.0
REG-34733A,STU-2662,CSE,Coding Club,Hackathon 2024,2023-03-05,LATE,3.0
REG-5291B0,STU-3475,MBA,Sports Club,Guest Lecture,2023-08-16,LATE,3.0
REG-CFE550,STU-8670,MBA,Cultural Committee,RoboWars,2024-05-11,PRESENT,4.0
REG-F1727F,STU-7542,CE,Sports Club,Cultural Fest,2023-10-03,LATE,4.0
REG-D4B398,STU-5588,CSE,Literature Society,Cultural Fest,2024-08-26,PRESENT,4.0
REG-2EF0B3,STU-3328,MBA,Coding Club,RoboWars,2024-07-19,ABSENT,2.0
REG-969005,STU-4506,CSE,Literature Society,Tech Symposium,2023-06-27,PRESENT,3.0
REG-58175A,STU-3637,CSE,Coding Club,RoboWars,2024-07-01,ABSENT,3.0
REG-DA76E8,STU-3175,EE,Coding Club,Tech Symposium,2024-07-11,PRESENT,4.0
REG-A8C64F,STU-8439,CSE,Sports Club,Hackathon 2024,2024-11-22,PRESENT,3.0
REG-A6EF2C,STU-6211,CSE,Robotics Society,Tech Symposium,2023-11-23,PRESENT,1.0
REG-938467,STU-9593,CSE,Literature Society,Annual Sports Meet,2024-10-27,LATE,2.0
REG-695A16,STU-3422,CE,Sports Club,RoboWars,2024-08-26,LATE,3.0
REG-C1820D,STU-6323,CSE,Literature Society,RoboWars,2024-04-08,ABSENT,4.0
REG-67A09A,STU-5051,CSE,Cultural Committee,Hackathon 2024,2024-04-25,ABSENT,2.0
REG-A1D326,STU-1482,UNKNOWN,Sports Club,Tech Symposium,2024-02-28,ABSENT,1.0
REG-39D1C1,STU-7810,ME,Coding Club,RoboWars,2023-11-26,PRESENT,3.0
REG-19EC3A,STU-9526,CSE,Literature Society,Guest Lecture,2024-09-25,PRESENT,4.0
REG-68B7B9,STU-3952,CE,Cultural Committee,Guest Lecture,2023-01-02,LATE,1.0
REG-D1F0E9,STU-9196,EE,Cultural Committee,Cultural Fest,2024-10-14,LATE,5.0
REG-D64623,STU-9201,CSE,Sports Club,Hackathon 2024,2023-06-11,PRESENT,5.0
REG-77B0A4,STU-1867,EE,Cultural Committee,Tech Symposium,2024-01-13,PRESENT,2.0
REG-6929D1,STU-8152,CE,Literature Society,Hackathon 2024,2024-05-07,LATE,3.0
REG-79BF5D,STU-8180,ME,Robotics Society,Guest Lecture,2023-05-30,ABSENT,4.0
REG-AA110B,STU-8784,CSE,Literature Society,Annual Sports Meet,2024-12-08,PRESENT,3.0
REG-3E6E1C,STU-7887,CSE,Coding Club,Guest Lecture,2023-02-12,ABSENT,4.0
REG-97B804,STU-2499,ME,Robotics Society,Tech Symposium,2024-06-11,PRESENT,5.0
REG-8292C0,STU-6847,MBA,Sports Club,RoboWars,2024-09-24,PRESENT,3.0
REG-6754F6,STU-7603,MBA,Sports Club,Cultural Fest,2024-12-11,LATE,3.0
REG-ACC3FD,STU-2875,CSE,Cultural Committee,Guest Lecture,2023-06-04,ABSENT,4.0
REG-78779E,STU-4076,BBA,Literature Society,Hackathon 2024,2023-09-15,ABSENT,3.0
REG-E7F25F,STU-6567,EE,Sports Club,RoboWars,2023-06-03,LATE,2.0
REG-23D699,STU-4456,MBA,Cultural Committee,Guest Lecture,2023-07-23,LATE,3.0
REG-FA06E6,STU-8681,ECE,Coding Club,Guest Lecture,2023-04-06,PRESENT,3.0
REG-8E04E3,STU-3346,CSE,Sports Club,Tech Symposium,2023-10-10,PRESENT,4.0
REG-558B36,STU-1284,EE,Coding Club,Hackathon 2024,2024-03-02,ABSENT,3.0
REG-5A6BC6,STU-7899,BBA,Literature Society,RoboWars,2024-03-11,LATE,5.0
REG-45774D,STU-4649,CSE,Cultural Committee,Tech Symposium,2023-09-06,ABSENT,3.0
REG-7873FA,STU-4580,CSE,Sports Club,RoboWars,2024-10-28,PRESENT,1.0
REG-52A20B,STU-5928,ECE,Robotics Society,Guest Lecture,2023-08-05,LATE,2.0
REG-D7C11F,STU-6834,BBA,Literature Society,Guest Lecture,2023-06-20,ABSENT,5.0
REG-EE2527,STU-9886,ECE,Sports Club,Tech Symposium,2023-06-15,LATE,2.0
REG-4F9F6F,STU-1464,CSE,Cultural Committee,Annual Sports Meet,2023-10-26,PRESENT,3.0
REG-B38FDD,STU-7468,CSE,Coding Club,Hackathon 2024,2024-03-03,ABSENT,3.0
REG-AAC0F2,STU-4832,ME,Coding Club,Tech Symposium,2024-03-02,PRESENT,3.0
REG-BC3046,STU-4697,MBA,Coding Club,Tech Symposium,2024-02-04,ABSENT,3.0
REG-5307FB,STU-4496,ECE,Robotics Society,RoboWars,2024-02-28,LATE,1.0
REG-AE3A74,STU-9786,CSE,Sports Club,Tech Symposium,2024-10-29,LATE,2.0
REG-1A34F3,STU-2408,CSE,Coding Club,Cultural Fest,2023-12-08,ABSENT,3.0
REG-B450B0,STU-3957,CE,Cultural Committee,RoboWars,2024-02-04,LATE,3.0
REG-7FA4ED,STU-5882,UNKNOWN,Coding Club,Tech Symposium,2024-05-27,PRESENT,4.0
REG-60DDFA,STU-2702,EE,Sports Club,RoboWars,2024-12-10,LATE,3.0
REG-54ADCA,STU-1197,ME,Coding Club,Annual Sports Meet,2024-02-17,LATE,3.0
REG-AC3C13,STU-3194,MBA,Robotics Society,Cultural Fest,2024-01-07,LATE,5.0
REG-81AD16,STU-5948,CSE,Cultural Committee,Tech Symposium,2023-10-27,ABSENT,3.0
REG-D35EF3,STU-8356,CE,Cultural Committee,Guest Lecture,2024-10-19,ABSENT,3.0
REG-6E1339,STU-9866,EE,Cultural Committee,Guest Lecture,2023-04-05,ABSENT,3.0
REG-6620AA,STU-9474,CSE,Cultural Committee,Cultural Fest,2024-10-29,ABSENT,3.0
REG-C48E95,STU-6772,MBA,Cultural Committee,Tech Symposium,2024-11-21,ABSENT,3.0
REG-E5A2F1,STU-8640,BBA,Sports Club,Tech Symposium,2023-01-08,PRESENT,1.0
REG-2C64C8,STU-7693,CSE,Coding Club,Guest Lecture,2024-07-06,ABSENT,3.0
REG-728B83,STU-1405,UNKNOWN,Sports Club,Cultural Fest,2024-07-04,LATE,3.0
REG-6943C7,STU-7721,CE,Cultural Committee,Annual Sports Meet,2023-05-12,ABSENT,5.0
REG-5F84A2,STU-6729,CE,Coding Club,RoboWars,2024-02-05,ABSENT,1.0
REG-2D6701,STU-4621,CSE,Cultural Committee,Guest Lecture,2024-06-11,PRESENT,5.0
REG-E1B4FB,STU-3320,CSE,Literature Society,Hackathon 2024,2024-02-20,LATE,3.0
REG-542D52,STU-6917,EE,Robotics Society,Hackathon 2024,2024-02-15,PRESENT,2.0
REG-90DBD6,STU-8273,MBA,Coding Club,Hackathon 2024,2023-08-17,LATE,3.0
REG-BA75C2,STU-2895,EE,Coding Club,Tech Symposium,2023-11-11,ABSENT,2.0
REG-C6DB31,STU-9105,CSE,Coding Club,Hackathon 2024,2024-06-19,PRESENT,3.0
REG-0E1F3F,STU-5670,MBA,Robotics Society,Hackathon 2024,2024-06-19,PRESENT,4.0
REG-2CF437,STU-3913,ME,Cultural Committee,RoboWars,2024-12-26,PRESENT,3.0
REG-A8079F,STU-6104,BBA,Literature Society,Tech Symposium,2023-11-06,ABSENT,4.0
REG-1A7C54,STU-7948,ME,Cultural Committee,RoboWars,2024-12-05,LATE,3.0
REG-577E95,STU-6403,CSE,Cultural Committee,RoboWars,2024-02-19,PRESENT,3.0
REG-A58DDB,STU-6737,CSE,Cultural Committee,Hackathon 2024,2023-04-20,PRESENT,5.0
REG-FA23F3,STU-6899,CSE,Literature Society,Tech Symposium,2023-07-10,PRESENT,1.0
REG-A48C5E,STU-8122,MBA,Coding Club,Tech Symposium,2024-04-01,PRESENT,3.0
REG-ABE44C,STU-1479,CE,Coding Club,RoboWars,2024-07-14,LATE,3.0
REG-676DF4,STU-6655,CSE,Sports Club,Annual Sports Meet,2024-02-27,PRESENT,2.0
REG-86DB3A,STU-8413,UNKNOWN,Sports Club,RoboWars,2024-04-27,ABSENT,1.0
REG-8CD7F3,STU-5407,MBA,Robotics Society,Cultural Fest,2023-11-26,ABSENT,4.0
REG-0C2413,STU-3029,BBA,Literature Society,Cultural Fest,2023-07-23,PRESENT,3.0
REG-9D22DB,STU-7305,BBA,Cultural Committee,Guest Lecture,2024-07-28,LATE,2.0
REG-BC423C,STU-8331,BBA,Coding Club,RoboWars,2023-02-08,ABSENT,3.0
REG-5FED2D,STU-8385,CSE,Sports Club,Tech Symposium,2023-06-21,PRESENT,1.0
REG-F4E52F,STU-4131,MBA,Sports Club,Guest Lecture,2023-06-26,ABSENT,4.0
REG-658557,STU-6824,ECE,Coding Club,Guest Lecture,2023-07-03,ABSENT,1.0
REG-010D19,STU-2267,CSE,Cultural Committee,RoboWars,2023-01-30,LATE,3.0
REG-086D78,STU-3567,UNKNOWN,Coding Club,Tech Symposium,2023-07-26,PRESENT,4.0
REG-279936,STU-1486,CE,Literature Society,Tech Symposium,2023-06-03,LATE,1.0
REG-030E7E,STU-4358,ME,Robotics Society,Hackathon 2024,2024-08-03,ABSENT,1.0
REG-103D52,STU-4897,CSE,Cultural Committee,Guest Lecture,2023-05-10,PRESENT,3.0
REG-CB6482,STU-8918,CE,Robotics Society,Annual Sports Meet,2023-12-24,PRESENT,2.0
REG-FA837E,STU-1614,CE,Sports Club,Cultural Fest,2023-10-10,ABSENT,3.0
REG-792BE2,STU-2852,BBA,Coding Club,Tech Symposium,2024-05-25,ABSENT,3.0
REG-B7CD3E,STU-8836,CSE,Literature Society,Annual Sports Meet,2024-11-20,PRESENT,1.0
REG-39CB28,STU-4480,ECE,Cultural Committee,Hackathon 2024,2024-03-01,PRESENT,4.0
REG-9E8806,STU-8359,ECE,Robotics Society,Tech Symposium,2024-12-09,PRESENT,5.0
REG-A38A81,STU-6924,CSE,Coding Club,RoboWars,2024-08-23,LATE,1.0
REG-626421,STU-5950,CSE,Sports Club,RoboWars,2023-08-31,ABSENT,5.0
REG-63D677,STU-9656,ME,Robotics Society,Guest Lecture,2023-07-26,ABSENT,2.0
REG-A390D5,STU-7696,MBA,Robotics Society,Tech Symposium,2023-09-26,ABSENT,5.0
REG-A8805E,STU-8096,MBA,Literature Society,Guest Lecture,2024-03-11,ABSENT,1.0
REG-AC9284,STU-9005,MBA,Coding Club,RoboWars,2023-06-20,PRESENT,2.0
REG-DEF928,STU-8803,UNKNOWN,Cultural Committee,Hackathon 2024,2023-08-05,ABSENT,3.0
REG-436C82,STU-2209,ME,Robotics Society,Hackathon 2024,2023-09-04,PRESENT,4.0
REG-13ED3F,STU-9078,CSE,Cultural Committee,RoboWars,2023-08-13,PRESENT,3.0
REG-FF7C31,STU-9240,CSE,Robotics Society,Hackathon 2024,2023-07-26,LATE,3.0
REG-CD8A8F,STU-6850,CE,Cultural Committee,Cultural Fest,2023-01-02,ABSENT,4.0
REG-8FCD4A,STU-7088,CSE,Sports Club,Annual Sports Meet,2024-08-27,LATE,4.0
REG-85BD3E,STU-3597,ME,Robotics Society,Tech Symposium,2023-08-05,LATE,5.0
REG-865176,STU-9737,MBA,Literature Society,Cultural Fest,2023-06-19,LATE,3.0
